date,close,volume,open,high,low
05/15/2026,64.67,"4,099,573",65.78,66.1,64.4
05/14/2026,66.73,"3,823,459",66.03,67.065,65.35
05/13/2026,65.57,"3,660,800",65.85,66.2,65.0
05/12/2026,65.56,"3,907,817",65.49,65.99,64.74
05/11/2026,65.88,"5,310,801",66.87,67.0,65.64
05/08/2026,66.83,"5,032,092",67.6,68.39,66.5
05/07/2026,67.22,"7,627,351",68.58,68.65,66.45
05/06/2026,67.9,"7,663,833",66.11,68.48,65.85
05/05/2026,64.18,"6,926,636",66.22,66.62,64.08
05/04/2026,65.89,"4,929,094",67.17,67.62,65.125
05/01/2026,67.62,"7,349,001",67.2,68.495,66.51
04/30/2026,67.17,"15,777,660",64.21,69.04,63.67
04/29/2026,61.74,"8,941,490",63.03,63.76,61.0
04/28/2026,62.0,"6,536,890",61.65,62.295,61.03
04/27/2026,61.91,"6,271,400",61.53,62.9,61.4401
04/24/2026,60.97,"5,582,614",61.73,62.21,60.5
04/23/2026,61.54,"5,574,293",61.28,62.53,60.73
04/22/2026,60.65,"4,346,579",62.34,62.54,60.38
04/21/2026,61.71,"5,105,522",61.78,63.07,61.4
04/20/2026,61.65,"5,076,253",61.18,62.2099,60.89
04/17/2026,61.32,"6,461,237",60.31,62.965,60.19
04/16/2026,59.71,"8,885,412",58.75,60.72,57.85
04/15/2026,58.55,"16,954,380",64.01,64.01,57.7
04/14/2026,64.66,"4,610,527",64.29,64.99,63.36
04/13/2026,64.32,"6,643,935",63.29,64.43,62.88
04/10/2026,63.34,"7,428,731",62.09,63.99,61.75
04/09/2026,61.46,"6,070,604",58.09,61.76,58.09
04/08/2026,58.29,"5,957,094",58.0,58.88,57.92
04/07/2026,55.44,"5,266,742",55.15,55.55,54.65
04/06/2026,55.59,"4,117,568",55.34,55.915,55.065
04/02/2026,55.71,"5,650,425",55.93,57.035,55.29
04/01/2026,56.9,"5,784,217",56.64,57.79,56.215
03/31/2026,56.31,"6,677,827",55.69,56.73,55.23
03/30/2026,54.36,"5,721,453",55.04,55.24,53.77
03/27/2026,54.25,"6,960,896",54.88,55.49,54.03
03/26/2026,54.67,"11,988,900",58.71,59.25,54.585
03/25/2026,59.25,"4,271,272",59.45,59.8998,58.43
03/24/2026,58.58,"6,335,534",57.47,59.25,56.935
03/23/2026,58.3,"7,394,421",59.69,60.2,58.27
03/20/2026,58.07,"13,673,740",59.0,59.57,57.7
03/19/2026,58.97,"8,325,570",56.91,59.25,56.57
03/18/2026,57.61,"6,800,019",56.79,58.15,56.54
03/17/2026,56.98,"5,225,783",56.34,57.22,55.84
03/16/2026,55.85,"5,718,777",56.02,56.61,55.7
03/13/2026,55.65,"5,905,423",57.17,57.7,55.23
03/12/2026,56.49,"9,301,495",58.03,58.43,56.35
03/11/2026,58.69,"6,476,637",58.31,58.92,57.875
03/10/2026,58.43,"6,877,700",58.03,59.37,57.87
03/09/2026,58.72,"7,501,571",57.2,59.09,56.43
03/06/2026,58.35,"8,869,250",59.08,59.15,57.645
03/05/2026,60.4,"5,445,557",60.63,61.46,59.58
03/04/2026,61.08,"4,254,880",61.5,61.875,60.495
03/03/2026,61.17,"5,126,609",61.39,62.19,60.27
03/02/2026,63.84,"3,643,490",63.43,64.1,62.75
02/27/2026,64.4,"7,534,471",62.14,64.635,61.98
02/26/2026,62.76,"4,943,922",61.77,63.225,61.49
02/25/2026,61.5,"6,746,483",61.895,62.03,60.275
02/24/2026,63.53,"3,630,457",63.69,64.57,63.52
02/23/2026,63.46,"3,807,379",63.94,65.245,63.155
02/20/2026,64.14,"4,356,471",62.98,65.02,62.8136
02/19/2026,62.92,"8,515,152",63.25,63.36,61.0
02/18/2026,64.33,"5,748,359",66.42,66.55,64.26
02/17/2026,66.43,"5,073,028",65.33,66.8,65.28
02/13/2026,65.4,"6,101,349",64.97,65.93,64.52
02/12/2026,64.89,"8,020,989",67.65,68.33,64.87
02/11/2026,67.08,"6,080,931",66.16,67.285,66.16
02/10/2026,65.82,"6,264,420",65.75,66.5,65.49
02/09/2026,65.32,"8,375,661",63.71,65.385,63.29
02/06/2026,63.92,"11,800,950",62.97,65.2398,62.77
02/05/2026,63.1,"21,704,830",64.61,64.89,60.69
02/04/2026,63.55,"14,052,620",62.24,64.14,62.075
02/03/2026,61.2,"9,264,577",60.13,61.37,60.01
02/02/2026,60.36,"6,550,265",59.43,60.785,59.33
01/30/2026,59.58,"10,553,450",59.42,60.035,59.25
01/29/2026,59.79,"9,329,243",58.93,59.79,58.379
01/28/2026,57.91,"16,514,330",55.88,58.62,55.5888
01/27/2026,57.07,"6,099,192",57.35,57.58,56.85
01/26/2026,57.37,"6,775,330",57.27,57.625,56.82
01/23/2026,57.3,"8,859,044",57.55,57.71,56.71
01/22/2026,57.44,"9,094,565",58.33,58.43,57.065
01/21/2026,57.74,"11,324,970",55.59,57.86,55.33
01/20/2026,55.21,"7,741,828",54.87,55.43,54.62
01/16/2026,56.19,"8,978,765",55.27,56.35,54.625
01/15/2026,55.55,"4,935,540",56.14,56.155,55.19
01/14/2026,55.6,"4,810,689",55.53,55.805,54.695
01/13/2026,55.21,"5,451,025",55.53,55.925,55.02
01/12/2026,55.38,"10,882,990",56.17,56.28,55.33
01/09/2026,56.25,"8,947,610",54.55,56.38,54.175
01/08/2026,53.86,"5,410,670",52.16,53.91,51.76
01/07/2026,52.57,"8,282,315",53.7,54.38,52.44
01/06/2026,53.5,"8,715,617",52.09,53.675,50.24
01/05/2026,53.79,"4,295,813",53.05,54.47,53.05
01/02/2026,53.52,"3,554,994",53.11,53.955,52.53
12/31/2025,52.84,"3,218,880",53.32,53.54,52.78
12/30/2025,53.43,"3,497,976",53.46,53.885,53.18
12/29/2025,53.61,"3,640,533",53.56,53.82,53.4
12/26/2025,53.59,"2,101,540",53.4,53.65,53.22
12/24/2025,53.5,"1,663,213",53.57,53.66,53.16
12/23/2025,53.34,"4,527,907",53.23,53.64,52.8801
12/22/2025,53.2,"5,929,912",53.98,54.125,52.97
12/19/2025,53.77,"12,875,340",53.05,53.81,52.73
12/18/2025,53.2,"8,212,617",53.43,54.06,53.11
12/17/2025,52.4,"9,700,267",53.46,53.74,51.93
12/16/2025,53.44,"8,125,720",52.76,53.66,52.37
12/15/2025,52.58,"7,322,412",53.34,53.34,52.22
12/12/2025,52.94,"6,480,997",54.86,54.87,52.79
12/11/2025,54.15,"6,584,009",53.74,54.59,53.17
12/10/2025,53.4,"16,529,050",52.95,54.07,52.34
12/09/2025,52.84,"12,466,950",52.81,53.43,52.02
12/08/2025,53.03,"13,159,160",54.24,54.36,52.99
12/05/2025,54.29,"9,063,920",54.52,54.8,54.0
12/04/2025,54.5,"12,206,380",53.98,55.135,53.62
12/03/2025,54.62,"9,752,653",53.59,54.65,53.2
12/02/2025,53.82,"3,768,903",54.66,54.73,53.44
12/01/2025,54.25,"6,689,192",54.06,54.86,53.91
11/28/2025,54.88,"2,897,168",54.6,54.905,54.105
11/26/2025,54.36,"6,536,848",54.03,54.8618,53.705
11/25/2025,53.95,"11,511,750",52.26,54.19,52.135
11/24/2025,51.75,"9,383,867",52.4,53.08,51.64
11/21/2025,52.41,"12,733,130",50.88,52.72,50.57
11/20/2025,50.36,"6,401,252",51.5,51.99,50.3
11/19/2025,51.25,"6,655,634",52.42,52.42,51.03
11/18/2025,52.01,"6,507,167",52.71,53.25,51.9536
11/17/2025,53.13,"5,766,695",54.14,54.2,52.95
11/14/2025,54.1,"6,035,104",54.57,54.8878,53.96
11/13/2025,55.16,"5,357,157",55.95,57.11,55.035
11/12/2025,55.99,"7,253,842",57.16,57.75,54.99
11/11/2025,56.97,"3,955,469",57.57,57.6,56.635
11/10/2025,57.33,"4,054,692",57.71,57.8,56.14
11/07/2025,57.51,"5,669,450",55.97,57.52,55.59
11/06/2025,56.57,"5,344,615",56.71,57.72,56.43
11/05/2025,56.85,"6,333,247",57.16,57.74,56.62
11/04/2025,57.55,"5,135,533",57.36,57.905,56.84
11/03/2025,57.86,"4,744,581",58.94,59.425,57.56
10/31/2025,59.49,"5,294,812",58.65,59.82,57.93
10/30/2025,58.85,"10,231,820",60.07,61.0,58.35
10/29/2025,60.75,"13,232,950",57.8,62.325,57.5
10/28/2025,58.74,"9,614,642",60.0,60.56,58.445
10/27/2025,58.29,"6,363,731",58.44,58.93,57.85
10/24/2025,57.84,"4,292,778",57.91,58.39,57.65
10/23/2025,57.12,"3,932,380",56.99,57.51,56.6
10/22/2025,56.74,"10,575,720",60.17,60.575,56.61
10/21/2025,59.82,"5,984,861",57.34,59.965,57.15
10/20/2025,57.67,"7,441,166",56.79,57.69,56.79
10/17/2025,56.2,"6,011,998",56.82,57.0,56.14
10/16/2025,56.75,"7,265,614",57.32,57.375,56.3
10/15/2025,57.21,"7,907,932",57.44,58.3,56.77
10/14/2025,57.5,"6,553,515",55.53,57.875,55.33
10/13/2025,56.87,"3,241,108",57.43,57.71,56.705
10/10/2025,56.66,"5,625,918",58.55,59.255,56.57
10/09/2025,58.1,"6,201,053",60.07,60.49,57.665
10/08/2025,59.8,"8,457,272",59.05,60.52,58.61
10/07/2025,59.18,"5,700,528",59.83,60.095,59.03
10/06/2025,59.81,"5,103,504",60.35,60.77,59.553
10/03/2025,59.65,"5,611,423",58.93,59.95,58.7
10/02/2025,58.9,"3,830,120",59.33,60.06,58.73
10/01/2025,59.46,"3,593,047",59.4,59.81,59.2
09/30/2025,59.7,"6,126,808",59.0,59.81,58.94
09/29/2025,59.13,"4,745,092",59.64,59.64,58.75
09/26/2025,58.84,"6,079,420",58.9,59.28,58.59
09/25/2025,58.75,"4,821,167",58.56,59.275,58.32
09/24/2025,58.99,"4,147,979",59.5,60.05,58.96
09/23/2025,59.74,"5,200,181",60.52,60.81,59.435
09/22/2025,60.31,"4,220,013",60.0,60.47,59.66
09/19/2025,60.39,"5,733,467",61.2,61.28,60.36
09/18/2025,61.1,"4,700,840",61.14,61.69,60.71
09/17/2025,60.72,"7,077,838",61.21,62.38,60.23
09/16/2025,60.93,"5,180,996",61.68,61.9,60.87
09/15/2025,61.24,"6,925,632",61.9,62.0,60.68
09/12/2025,61.67,"5,224,933",61.77,62.53,61.38
09/11/2025,62.3,"7,588,598",62.0,63.26,61.65
09/10/2025,62.5,"13,960,320",63.84,64.8,60.1
09/09/2025,63.47,"5,695,248",64.4,64.86,62.45
09/08/2025,65.61,"5,761,762",65.62,66.135,65.06
09/05/2025,65.51,"5,021,948",64.35,65.6325,64.185
09/04/2025,63.54,"4,471,421",62.88,63.68,62.45
09/03/2025,62.47,"6,925,572",63.46,63.71,61.765
09/02/2025,63.5,"6,415,114",64.16,64.5,62.73
08/29/2025,65.2,"6,863,764",66.37,66.5,64.89
08/28/2025,66.17,"3,615,290",67.8,67.93,65.94
08/27/2025,67.59,"7,197,661",66.46,68.06,66.35
08/26/2025,66.48,"5,909,295",66.12,66.56,65.25
08/25/2025,66.0,"4,921,292",67.42,67.75,65.96
08/22/2025,67.75,"5,535,013",65.34,67.98,65.05
08/21/2025,65.01,"10,279,780",66.6,66.7,64.905
08/20/2025,66.84,"5,520,311",66.82,67.19,66.405
08/19/2025,66.98,"6,606,638",66.49,67.81,66.0701
08/18/2025,66.49,"3,660,710",65.34,66.57,65.3
08/15/2025,65.4,"2,968,322",66.03,66.21,65.33
08/14/2025,65.76,"3,743,290",66.39,66.6298,65.49
08/13/2025,67.05,"3,761,239",66.02,67.225,65.505
08/12/2025,65.73,"2,989,346",65.35,66.13,65.01
08/11/2025,64.88,"5,173,167",65.87,65.94,64.54
08/08/2025,66.03,"3,321,296",66.51,66.89,65.9625
08/07/2025,66.36,"4,024,898",66.91,67.0,66.0985
08/06/2025,66.11,"3,579,057",66.56,66.56,65.64
08/05/2025,66.38,"3,658,929",66.86,66.89,65.75
08/04/2025,66.54,"4,834,006",66.71,67.35,66.16
08/01/2025,66.92,"5,451,557",68.0,68.0,66.44
07/31/2025,68.62,"7,641,320",68.0,69.61,68.0
07/30/2025,68.2,"10,081,660",71.45,71.46,67.74
07/29/2025,71.67,"13,098,850",73.88,74.74,70.99
07/28/2025,80.18,"7,126,333",80.92,81.09,80.02
07/25/2025,80.73,"3,401,307",79.79,80.81,79.51
07/24/2025,79.44,"3,574,517",79.81,80.65,79.44
07/23/2025,79.61,"6,914,698",77.9,80.74,77.81
07/22/2025,76.42,"3,395,319",75.82,76.52,75.44
07/21/2025,75.97,"4,393,435",76.8,76.96,75.96
07/18/2025,76.63,"5,031,718",77.19,77.26,76.41
07/17/2025,76.93,"2,778,093",75.4,77.0,75.145
07/16/2025,75.43,"4,424,914",75.41,75.64,74.08
07/15/2025,75.38,"3,195,159",75.95,76.66,75.36
07/14/2025,76.61,"2,566,488",76.29,76.775,75.99
07/11/2025,76.62,"3,805,311",75.85,76.905,75.76
07/10/2025,76.77,"3,461,635",76.0,77.28,75.5
07/09/2025,75.89,"4,119,392",75.41,76.015,74.75
07/08/2025,74.9,"4,506,598",74.71,75.405,74.36
07/07/2025,74.64,"2,857,533",75.55,75.72,74.28
07/03/2025,75.65,"1,423,418",75.51,75.83,75.25
07/02/2025,75.26,"3,606,641",74.31,75.32,74.0439
07/01/2025,74.3,"5,148,146",72.6,74.875,72.31
06/30/2025,73.19,"4,623,651",73.62,73.73,72.99
06/27/2025,73.67,"6,162,936",73.34,74.27,73.02
06/26/2025,72.59,"3,939,943",72.51,73.31,72.19
06/25/2025,72.43,"3,344,309",72.45,72.69,72.0
06/24/2025,72.46,"3,664,467",72.24,72.54,71.79
06/23/2025,71.78,"3,282,994",70.4,71.845,70.05
06/20/2025,70.47,"10,629,860",70.48,70.8594,69.88
06/18/2025,69.86,"4,073,157",69.83,70.6,69.54
06/17/2025,69.78,"5,685,106",70.37,70.82,69.49
06/16/2025,71.04,"4,711,631",71.55,71.7622,70.49
06/13/2025,71.24,"3,559,162",71.41,71.97,71.01
06/12/2025,72.48,"4,131,291",72.29,72.81,71.95
06/11/2025,72.48,"6,236,287",72.14,72.68,71.57
06/10/2025,71.75,"4,815,554",72.0,72.265,71.45
06/09/2025,71.65,"3,608,492",71.29,71.905,71.05
06/06/2025,71.04,"4,754,934",71.94,71.94,70.68
06/05/2025,71.4,"4,001,523",71.68,71.92,70.685
06/04/2025,71.39,"3,281,065",71.27,71.91,70.99
06/03/2025,70.8,"3,328,940",70.45,70.89,69.94
06/02/2025,70.34,"3,564,613",70.71,70.85,69.31
05/30/2025,71.2,"6,337,871",71.3,71.53,70.575
05/29/2025,71.41,"2,998,184",71.63,71.65,70.76
05/28/2025,71.04,"3,829,975",72.43,72.52,70.97
05/27/2025,72.33,"3,453,402",72.17,72.35,70.89
05/23/2025,70.98,"4,450,733",70.64,71.38,70.253
05/22/2025,71.77,"4,882,934",71.98,72.31,71.32
05/21/2025,72.09,"5,182,146",73.81,74.1,71.92
05/20/2025,74.95,"5,093,208",75.85,76.6265,74.45
05/19/2025,75.83,"6,554,498",74.34,76.3,73.76
05/16/2025,75.62,"7,296,609",74.11,75.65,73.76
05/15/2025,73.48,"3,782,561",73.13,73.5999,73.09
05/14/2025,73.36,"5,086,870",74.24,74.85,73.24
05/13/2025,74.65,"10,638,480",74.11,75.08,73.655
05/12/2025,73.44,"5,802,043",74.05,74.4,72.84
05/09/2025,71.44,"5,540,344",71.03,71.54,70.69
05/08/2025,70.5,"5,139,983",70.71,71.775,70.34
05/07/2025,69.99,"5,762,177",70.42,70.9538,69.26
05/06/2025,70.19,"5,031,529",69.85,70.74,69.61
05/05/2025,70.81,"5,563,284",71.25,71.9015,70.65
05/02/2025,71.53,"6,134,530",70.0,71.75,69.34
05/01/2025,69.8,"10,603,900",67.72,70.305,66.07
04/30/2025,62.54,"8,626,218",60.6,62.67,60.08
04/29/2025,60.82,"4,881,709",60.26,61.47,60.24
04/28/2025,60.49,"4,197,302",60.21,61.207,59.77
04/25/2025,60.06,"3,869,356",60.15,60.6,59.68
04/24/2025,60.31,"4,665,900",59.2,60.57,59.0
04/23/2025,58.6,"7,743,587",60.28,60.88,58.57
04/22/2025,59.47,"3,411,697",58.17,59.76,58.17
04/21/2025,58.18,"4,607,601",59.28,59.48,57.42
04/17/2025,59.9,"3,714,434",59.74,60.4,59.24
04/16/2025,59.19,"3,909,534",59.48,60.58,58.6
04/15/2025,60.47,"4,390,697",60.59,61.27,60.07
04/14/2025,60.59,"5,391,547",60.26,61.33,59.31
04/11/2025,59.26,"7,161,610",58.62,59.8,57.79
04/10/2025,59.05,"7,081,417",59.13,59.66,57.08
04/09/2025,60.77,"8,775,950",55.29,61.31,54.795
04/08/2025,55.55,"6,109,912",58.21,58.96,54.54
04/07/2025,56.83,"6,336,537",56.36,59.48,54.22
04/04/2025,57.18,"6,934,359",58.9,59.1,55.87
04/03/2025,60.72,"5,760,509",63.0,63.81,60.59
04/02/2025,65.04,"3,159,844",62.75,65.22,62.51
04/01/2025,63.54,"4,176,409",63.24,64.08,62.28
03/31/2025,63.4,"4,839,698",62.72,63.856,61.77
03/28/2025,63.33,"4,139,482",65.63,65.86,63.26
03/27/2025,65.67,"3,837,873",66.86,66.86,65.55
03/26/2025,66.97,"3,790,588",68.2,68.4806,66.66
03/25/2025,68.11,"4,016,092",68.01,68.595,67.57
03/24/2025,67.96,"4,104,176",67.17,68.05,66.85
03/21/2025,66.17,"11,049,650",65.76,66.22,65.09
03/20/2025,66.43,"4,354,625",66.93,67.53,65.75
03/19/2025,67.68,"4,408,184",67.27,68.26,66.98
03/18/2025,67.3,"3,097,225",67.37,67.42,66.68
03/17/2025,67.63,"3,886,725",66.49,67.805,66.48
03/14/2025,66.53,"4,181,826",65.47,66.78,65.15
03/13/2025,64.25,"6,151,486",65.06,66.31,64.13
03/12/2025,65.43,"3,897,931",66.22,66.5367,65.29
03/11/2025,65.65,"6,152,910",66.99,67.32,65.14
03/10/2025,67.05,"6,694,425",66.1,68.62,66.09
03/07/2025,67.39,"7,017,276",65.32,67.59,64.7701
03/06/2025,65.37,"4,707,685",64.43,65.56,64.06
03/05/2025,64.87,"6,528,971",65.21,66.45,63.57
03/04/2025,62.07,"5,616,878",62.15,63.1591,60.17
03/03/2025,63.26,"4,146,230",65.5,65.5,62.865
02/28/2025,64.8,"6,831,932",64.03,64.86,63.68
02/27/2025,64.08,"4,530,289",65.7,66.08,63.94
02/26/2025,66.1,"4,150,538",67.81,68.34,66.09
02/25/2025,67.2,"6,459,874",66.91,67.57,66.39
02/24/2025,66.55,"9,057,254",67.25,67.99,66.09
02/21/2025,66.13,"8,044,626",67.9,67.96,65.63
02/20/2025,67.11,"5,989,266",65.81,67.209,65.43
02/19/2025,65.98,"5,168,356",66.38,66.59,65.875
02/18/2025,66.59,"7,756,173",65.13,66.77,64.89
02/14/2025,65.13,"6,754,467",64.0,65.35,63.86
02/13/2025,63.67,"6,718,331",64.04,64.04,63.22
02/12/2025,63.6,"6,519,248",63.99,64.19,62.76
02/11/2025,65.16,"9,232,130",64.5,65.785,63.3
02/10/2025,66.23,"8,101,020",64.79,66.38,64.51
02/07/2025,64.17,"7,046,606",65.24,65.65,63.54
02/06/2025,65.21,"4,182,488",64.94,65.23,64.56
02/05/2025,64.56,"4,799,531",64.63,65.215,64.04
02/04/2025,63.88,"4,740,748",64.56,64.56,62.96
02/03/2025,63.15,"9,035,716",63.58,64.35,62.972
01/31/2025,65.38,"4,966,629",66.0,66.5,65.25
01/30/2025,65.97,"5,868,965",65.62,66.39,65.265
01/29/2025,64.8,"10,173,240",65.79,66.1,64.58
01/28/2025,67.3,"7,965,307",67.94,68.03,67.14
01/27/2025,67.43,"7,166,670",68.18,68.935,67.23
01/24/2025,70.12,"5,117,838",69.97,70.52,69.82
01/23/2025,69.88,"7,828,126",70.2,70.3,69.72
01/22/2025,70.03,"5,531,239",70.64,70.93,69.965
01/21/2025,70.55,"7,455,779",70.37,70.9,70.2
01/17/2025,69.66,"4,601,440",70.57,70.897,69.64
01/16/2025,69.74,"4,205,415",69.21,70.37,68.955
01/15/2025,68.8,"4,877,702",69.89,70.22,68.78
01/14/2025,68.4,"3,409,800",67.89,68.825,67.63
01/13/2025,67.11,"5,862,030",65.59,67.34,65.27
01/10/2025,66.51,"6,006,508",67.65,67.88,66.24
01/08/2025,68.45,"3,798,925",67.75,68.69,67.6
01/07/2025,68.21,"4,743,177",68.93,69.39,68.02
01/06/2025,68.71,"3,533,026",69.55,70.1887,68.58
01/03/2025,69.26,"3,197,717",68.72,69.51,68.66
01/02/2025,68.33,"3,680,633",68.87,69.155,67.89
12/31/2024,68.26,"2,905,428",68.42,68.8,67.93
12/30/2024,68.23,"2,634,547",68.19,68.68,67.45
12/27/2024,68.9,"2,812,544",69.08,69.92,68.54
12/26/2024,69.64,"3,398,201",69.16,70.03,69.064
12/24/2024,69.45,"1,543,435",68.58,69.56,68.46
12/23/2024,68.79,"4,040,804",68.45,68.94,68.0
12/20/2024,68.49,"11,226,920",66.69,69.125,66.69
12/19/2024,66.69,"6,533,363",67.5,68.39,66.63
12/18/2024,67.03,"6,924,027",70.55,70.67,66.97
12/17/2024,70.28,"10,450,640",71.03,72.124,70.19
12/16/2024,71.59,"6,438,954",73.2,73.49,71.4
12/13/2024,73.01,"2,927,651",73.38,74.305,72.87
12/12/2024,73.54,"3,637,320",73.96,74.49,73.52
12/11/2024,73.7,"3,394,866",73.55,73.9338,73.2823
12/10/2024,72.81,"4,644,496",72.84,73.43,72.33
12/09/2024,73.2,"3,768,889",73.82,73.97,72.5
12/06/2024,73.67,"3,926,809",74.39,74.72,73.12
12/05/2024,73.99,"3,246,612",75.0,75.5815,73.89
12/04/2024,75.38,"2,771,633",75.44,76.17,74.95
12/03/2024,75.58,"2,789,255",76.41,76.79,75.46
12/02/2024,76.29,"3,486,848",77.85,77.99,76.22
11/29/2024,77.37,"2,001,682",77.37,78.05,77.28
11/27/2024,76.9,"4,565,638",77.24,77.5,76.5
11/26/2024,76.94,"5,718,708",78.22,78.51,76.16
11/25/2024,78.87,"7,261,628",77.5,78.955,77.43
11/22/2024,77.0,"4,481,338",76.5,77.08,75.94
11/21/2024,76.01,"9,423,388",74.8,76.52,74.465
11/20/2024,74.5,"4,661,982",74.55,75.0,74.113
11/19/2024,74.33,"6,252,896",73.44,74.6852,73.33
11/18/2024,74.05,"4,798,531",74.69,74.91,73.905
11/15/2024,74.53,"4,600,509",74.22,75.36,74.0
11/14/2024,74.97,"4,785,997",76.25,76.78,74.91
11/13/2024,76.4,"7,806,449",76.6,77.37,76.25
11/12/2024,75.44,"4,500,982",76.2,76.55,75.07
11/11/2024,76.29,"3,256,688",76.69,77.09,76.03
11/08/2024,76.68,"3,403,874",75.35,77.14,75.29
11/07/2024,75.13,"4,133,159",75.5,76.9,74.91
11/06/2024,75.38,"7,187,924",74.24,75.48,72.42
11/05/2024,73.9,"3,474,971",72.6,74.1075,72.43
11/04/2024,72.4,"3,104,647",72.34,73.6,72.31
11/01/2024,72.59,"3,525,001",72.83,73.85,72.49
10/31/2024,72.72,"3,815,780",73.5,73.79,72.7
10/30/2024,73.6,"4,332,212",74.34,74.75,73.422
10/29/2024,74.6,"3,798,309",74.58,74.98,73.98
10/28/2024,75.66,"4,732,403",74.37,75.895,73.5
10/25/2024,73.72,"5,301,655",72.59,73.83,72.54
10/24/2024,72.9,"10,410,110",75.7,75.9194,72.75
10/23/2024,79.95,"4,213,170",80.06,81.07,79.73
10/22/2024,80.15,"3,426,118",81.02,81.3,79.91
10/21/2024,81.38,"2,364,708",81.53,82.18,81.01
10/18/2024,81.55,"2,306,975",81.81,81.99,81.21
10/17/2024,81.44,"2,538,652",81.72,82.42,81.27
10/16/2024,81.05,"3,326,323",81.14,81.685,80.88
10/15/2024,81.61,"2,922,752",83.0,83.32,81.51
10/14/2024,82.67,"2,670,105",81.64,82.95,81.54
10/11/2024,81.61,"3,324,528",80.22,81.98,80.22
10/10/2024,80.43,"2,958,059",81.07,81.32,80.31
10/09/2024,82.08,"3,955,138",81.0,82.16,80.575
10/08/2024,80.84,"2,145,484",81.27,81.27,80.52
10/07/2024,80.42,"2,856,707",80.27,80.565,79.69
10/04/2024,80.8,"2,538,631",80.95,81.0625,79.94
10/03/2024,80.05,"3,427,763",80.39,80.97,79.8
10/02/2024,80.54,"3,877,685",78.8,80.81,78.5
10/01/2024,79.35,"3,991,406",80.5,80.5,79.1
09/30/2024,80.49,"4,659,523",80.31,80.785,79.64
09/27/2024,80.52,"2,822,889",79.94,81.48,79.875
09/26/2024,79.78,"3,123,664",80.42,80.5205,79.41
09/25/2024,79.67,"3,589,227",80.47,80.835,79.21
09/24/2024,80.41,"3,520,382",81.0,81.645,80.16
09/23/2024,80.88,"3,580,074",80.27,81.14,79.97
09/20/2024,79.92,"5,257,808",79.87,80.68,79.49
09/19/2024,80.57,"4,061,784",80.68,81.24,79.25
09/18/2024,78.19,"4,182,371",78.33,79.75,77.26
09/17/2024,77.96,"3,517,077",77.5,78.0,76.68
09/16/2024,77.11,"3,970,472",77.08,77.46,76.13
09/13/2024,76.51,"5,091,893",75.89,77.48,75.64
09/12/2024,75.37,"4,624,212",73.44,75.51,73.1901
09/11/2024,73.67,"5,269,140",71.76,74.07,70.37
09/10/2024,71.83,"3,076,813",71.39,72.09,71.0
09/09/2024,70.73,"2,910,362",70.21,71.42,69.79
09/06/2024,69.48,"4,182,643",69.61,71.24,68.97
09/05/2024,69.04,"2,535,847",69.12,69.73,68.31
09/04/2024,69.11,"3,004,381",69.86,70.0,68.6
09/03/2024,70.06,"2,988,848",72.84,73.06,69.81
08/30/2024,72.78,"3,251,053",71.67,73.04,71.43
08/29/2024,71.09,"2,671,984",71.6,72.145,70.64
08/28/2024,71.11,"2,228,287",71.7,72.225,70.81
08/27/2024,71.76,"1,997,088",71.29,71.83,70.9
08/26/2024,71.7,"3,804,263",71.59,72.27,71.51
08/23/2024,71.25,"2,509,511",70.32,71.52,70.0
08/22/2024,69.58,"1,970,715",69.58,69.965,69.06
08/21/2024,69.66,"2,671,346",68.86,69.935,68.86
08/20/2024,68.56,"2,136,627",68.67,69.07,68.15
08/19/2024,68.64,"2,626,969",67.44,68.8,67.44
08/16/2024,67.38,"3,675,719",68.31,68.86,67.33
08/15/2024,68.4,"5,329,417",67.03,68.72,67.03
08/14/2024,65.68,"3,502,703",65.65,66.08,65.15
08/13/2024,65.47,"2,180,805",64.92,65.53,64.53
08/12/2024,64.29,"1,996,967",64.43,64.8,63.51
08/09/2024,64.38,"2,339,901",64.37,65.0,63.91
08/08/2024,64.48,"2,820,305",63.88,64.81,63.42
08/07/2024,63.11,"3,041,036",65.0,65.55,62.895
08/06/2024,64.14,"3,673,168",63.24,65.15,63.04
08/05/2024,63.55,"5,121,006",61.5,63.625,61.21
08/02/2024,63.99,"3,556,949",64.54,65.07,62.6
08/01/2024,66.06,"3,211,867",67.91,68.44,65.445
07/31/2024,68.11,"3,509,639",68.93,69.49,67.66
07/30/2024,67.43,"2,606,948",67.9,68.38,67.02
07/29/2024,67.62,"3,624,624",67.28,67.795,66.34
07/26/2024,66.77,"4,351,536",65.8,67.78,65.58
07/25/2024,64.83,"7,590,024",64.54,66.44,62.505
07/24/2024,65.99,"4,618,213",67.47,67.82,65.82
07/23/2024,68.27,"4,602,743",67.82,69.35,67.565
07/22/2024,68.0,"2,999,809",67.05,68.03,66.57
07/19/2024,66.24,"2,822,408",67.31,67.64,66.02
07/18/2024,67.05,"3,961,138",67.56,68.84,65.74
07/17/2024,67.58,"5,157,587",69.08,69.42,67.56
07/16/2024,69.88,"4,893,678",67.77,70.09,67.7
07/15/2024,67.36,"3,941,655",67.25,67.7,66.24
07/12/2024,66.0,"3,043,723",66.77,66.99,65.97
07/11/2024,66.41,"4,800,353",64.58,66.92,64.07
07/10/2024,63.6,"2,561,040",62.52,63.72,62.29
07/09/2024,62.29,"2,658,602",63.09,63.43,62.02
07/08/2024,63.13,"2,123,774",63.47,64.22,62.85
07/05/2024,63.24,"1,994,913",63.58,63.69,62.47
07/03/2024,63.46,"1,564,635",62.83,63.56,62.45
07/02/2024,62.83,"3,241,812",61.88,63.08,61.76
07/01/2024,61.9,"2,847,350",64.02,64.02,61.86
06/28/2024,63.08,"17,783,850",63.2,64.36,62.41
06/27/2024,63.23,"3,027,448",63.28,63.86,62.9
06/26/2024,62.86,"3,312,080",63.26,63.46,62.36
06/25/2024,63.93,"3,079,345",64.89,64.99,62.98
06/24/2024,64.63,"3,802,623",63.85,65.33,62.98
06/21/2024,62.88,"6,381,659",63.86,63.935,61.64
06/20/2024,64.22,"4,508,604",65.66,65.9,63.95
06/18/2024,65.72,"3,335,955",64.63,65.855,64.45
06/17/2024,65.12,"5,551,942",64.03,65.6,63.7
06/14/2024,64.35,"4,396,241",63.33,64.355,62.63
06/13/2024,63.99,"2,373,975",64.24,64.44,63.11
06/12/2024,64.38,"3,851,729",62.91,64.825,62.91
06/11/2024,62.0,"3,712,747",62.25,62.25,61.245
06/10/2024,62.54,"2,486,366",62.48,63.09,62.14
06/07/2024,62.71,"2,323,468",62.17,62.85,61.42
06/06/2024,62.48,"2,174,219",62.87,63.06,61.81
06/05/2024,63.17,"3,198,209",61.77,63.27,61.675
06/04/2024,61.27,"2,784,762",61.78,62.1,60.97
06/03/2024,61.99,"4,750,278",63.92,64.0,61.23
05/31/2024,63.19,"6,950,525",63.43,63.66,61.6245
05/30/2024,63.34,"2,601,027",63.17,63.565,62.815
05/29/2024,63.07,"3,559,254",64.0,64.09,63.04
05/28/2024,64.67,"3,267,828",65.83,66.0,64.3
05/24/2024,65.65,"2,161,625",64.58,65.67,64.33
05/23/2024,64.35,"2,769,836",66.17,66.3678,64.21
05/22/2024,65.35,"3,669,987",65.62,65.86,64.8601
05/21/2024,66.22,"4,427,890",65.83,66.499,65.76
05/20/2024,65.98,"3,154,137",65.26,66.36,65.0
05/17/2024,65.23,"2,405,804",65.24,65.74,64.83
05/16/2024,65.0,"4,142,427",65.65,66.02,64.95
05/15/2024,65.8,"4,179,982",65.55,66.15,65.33
05/14/2024,64.96,"4,128,376",64.86,65.3,64.5
05/13/2024,64.33,"3,664,146",65.68,65.91,64.26
05/10/2024,65.5,"2,762,878",65.56,66.32,65.245
05/09/2024,65.24,"2,662,904",64.3,65.34,64.3
05/08/2024,64.31,"2,296,825",64.26,64.51,63.95
05/07/2024,64.26,"4,667,507",64.05,64.69,63.69
05/06/2024,64.06,"4,583,895",62.78,64.27,62.78
05/03/2024,62.09,"3,622,875",62.09,62.89,61.3
05/02/2024,60.94,"3,608,512",61.49,61.67,60.22
05/01/2024,61.12,"4,240,466",61.25,62.5241,60.68
04/30/2024,61.49,"8,036,027",62.71,63.79,61.45
04/29/2024,62.71,"9,087,474",60.5,62.885,60.5
04/26/2024,60.5,"6,684,176",59.6,60.655,59.4671
04/25/2024,59.81,"10,169,070",56.75,59.97,56.635
04/24/2024,54.77,"5,190,271",55.25,55.94,54.27
04/23/2024,55.14,"6,389,205",53.67,55.27,53.66
04/22/2024,53.62,"6,856,023",53.82,54.505,53.5
04/19/2024,53.53,"3,576,716",53.58,54.17,53.33
04/18/2024,53.38,"3,076,844",54.59,54.82,53.35
04/17/2024,54.25,"2,661,804",55.05,55.39,53.75
04/16/2024,54.76,"3,170,064",55.22,55.29,54.155
04/15/2024,55.46,"3,424,948",57.3,57.695,55.34
04/12/2024,56.84,"5,654,105",55.99,56.925,55.96
04/11/2024,56.62,"2,949,884",57.07,57.07,56.13
04/10/2024,56.89,"3,117,246",57.0,57.455,56.4
04/09/2024,58.11,"2,954,407",58.14,58.29,57.12
04/08/2024,57.84,"4,186,641",56.81,57.96,56.8
04/05/2024,56.44,"4,731,165",56.25,57.0235,55.82
04/04/2024,55.85,"5,987,037",57.5,57.83,55.68
04/03/2024,56.94,"3,397,174",56.71,57.55,56.54
04/02/2024,56.8,"4,133,690",57.58,57.62,56.78
04/01/2024,57.4,"4,747,694",58.12,58.58,57.32
03/28/2024,58.13,"2,819,604",57.7,58.23,57.5
03/27/2024,57.68,"2,738,153",57.93,57.99,57.02
03/26/2024,57.54,"3,645,085",57.26,57.75,57.18
03/25/2024,57.37,"3,462,660",57.74,57.95,57.13
03/22/2024,57.86,"4,895,749",59.63,59.91,57.81
03/21/2024,59.82,"5,456,196",59.11,60.54,58.83
03/20/2024,58.55,"3,838,291",58.55,58.86,58.0101
03/19/2024,58.48,"4,657,109",57.13,58.5,57.03
03/18/2024,57.1,"3,141,504",57.47,57.79,56.875
03/15/2024,57.05,"5,401,692",56.71,57.76,56.61
03/14/2024,57.31,"8,735,851",57.84,58.44,56.73
03/13/2024,57.86,"9,012,079",57.86,59.02,57.65
03/12/2024,57.9,"3,577,409",57.37,58.18,56.86
03/11/2024,57.14,"3,816,922",57.41,57.9,56.45
03/08/2024,58.05,"7,192,455",59.73,60.87,58.01
03/07/2024,59.55,"5,869,127",57.6,59.68,57.6
03/06/2024,57.72,"6,712,581",57.23,58.78,57.23
03/05/2024,56.59,"7,284,235",56.81,57.23,56.1
03/04/2024,57.15,"19,223,170",56.63,57.55,55.35
03/01/2024,56.46,"5,588,854",55.22,56.53,55.1326
02/29/2024,55.58,"10,538,900",55.1,55.77,54.77
02/28/2024,54.76,"3,522,221",54.93,55.63,54.59
02/27/2024,55.04,"5,249,798",54.48,55.13,53.93
02/26/2024,54.0,"7,976,120",54.13,54.351,53.64
02/23/2024,54.2,"4,767,739",53.81,54.57,53.39
02/22/2024,53.85,"4,948,503",54.22,54.22,53.42
02/21/2024,53.77,"4,205,910",53.64,54.09,53.47
02/20/2024,53.43,"5,462,880",53.39,53.721,53.13
02/16/2024,54.0,"4,416,134",55.58,55.79,53.89
02/15/2024,56.05,"2,461,473",55.33,56.0852,55.05
02/14/2024,55.0,"2,718,321",54.51,55.11,54.1
02/13/2024,53.97,"5,188,743",54.41,54.73,53.29
02/12/2024,56.04,"4,302,288",55.72,56.42,55.25
02/09/2024,56.01,"5,578,656",54.61,56.02,54.61
02/08/2024,55.06,"5,429,468",54.06,55.1,53.49
02/07/2024,53.83,"8,359,039",54.9,55.32,53.23
02/06/2024,54.31,"8,850,683",54.86,56.03,54.25
02/05/2024,56.26,"7,718,641",56.14,57.5,55.98
02/02/2024,56.78,"4,190,822",55.13,56.98,54.76
02/01/2024,55.59,"5,211,625",55.32,55.81,54.555
01/31/2024,54.71,"4,194,186",56.04,56.34,54.65
01/30/2024,56.33,"4,502,320",55.9,56.52,55.41
01/29/2024,56.31,"3,455,342",55.59,56.32,55.2
01/26/2024,55.51,"4,136,832",56.39,56.47,55.29
01/25/2024,56.31,"3,052,974",55.63,56.36,55.56
01/24/2024,54.97,"2,718,129",56.28,56.32,54.93
01/23/2024,55.91,"2,873,592",56.49,56.635,55.57
01/22/2024,56.32,"3,123,932",56.16,56.75,55.935
01/19/2024,55.88,"4,860,868",55.34,56.06,54.71
01/18/2024,55.4,"2,422,797",55.37,55.87,54.91
01/17/2024,55.06,"4,077,444",55.42,55.79,54.97
01/16/2024,55.85,"2,844,158",55.55,56.045,55.16
01/12/2024,56.14,"2,890,686",57.14,57.36,55.95
01/11/2024,56.86,"3,145,979",56.91,57.11,56.17
01/10/2024,57.04,"2,710,470",56.75,57.09,56.31
01/09/2024,56.8,"2,591,476",55.99,56.92,55.71
01/08/2024,56.42,"2,561,142",56.0,56.46,55.695
01/05/2024,55.72,"3,123,680",55.69,56.22,55.43
01/04/2024,55.48,"3,597,755",55.03,56.105,54.9
01/03/2024,54.9,"3,247,673",55.96,55.96,54.79
01/02/2024,56.45,"2,912,702",56.89,57.34,56.075
12/29/2023,57.45,"1,501,775",57.42,57.8494,57.25
12/28/2023,57.64,"1,847,086",57.66,58.02,57.55
12/27/2023,57.78,"1,741,767",57.38,57.98,57.34
12/26/2023,57.44,"2,377,236",57.28,57.765,57.08
12/22/2023,57.1,"1,661,366",57.11,57.53,56.715
12/21/2023,56.92,"2,481,699",56.52,56.95,56.27
12/20/2023,56.0,"2,351,969",56.58,57.53,55.98
12/19/2023,56.99,"3,905,053",56.9,57.41,56.6
12/18/2023,56.76,"3,538,046",57.44,57.48,56.4
12/15/2023,57.33,"9,179,507",58.24,58.58,57.24
12/14/2023,58.81,"6,488,835",56.33,59.18,56.01
12/13/2023,55.8,"5,096,021",56.5,56.945,54.38
12/12/2023,56.33,"3,817,187",55.61,56.45,54.92
12/11/2023,55.95,"6,106,184",55.31,56.27,55.31
12/08/2023,55.27,"10,424,440",56.05,56.87,54.67
12/07/2023,52.89,"2,465,023",53.15,53.15,52.54
12/06/2023,53.01,"2,571,012",53.23,53.88,52.93
12/05/2023,52.57,"2,474,749",53.23,53.33,52.435
12/04/2023,53.46,"3,591,028",52.69,53.49,52.28
12/01/2023,53.22,"3,099,846",52.13,53.34,52.08
11/30/2023,51.96,"9,300,769",52.0,52.06,51.2
11/29/2023,52.21,"4,059,209",52.25,52.97,51.71
11/28/2023,51.63,"3,067,747",52.14,52.27,51.31
11/27/2023,52.14,"2,709,320",52.65,52.84,51.94
11/24/2023,52.98,"710,796",52.6,53.02,52.6
11/22/2023,52.75,"2,217,570",52.79,53.0,52.44
11/21/2023,52.73,"3,030,067",53.15,53.3,52.52
11/20/2023,53.59,"4,876,586",53.25,54.19,53.01
11/17/2023,53.22,"2,855,544",52.98,53.345,52.555
11/16/2023,52.68,"4,172,864",52.12,52.73,51.93
11/15/2023,52.35,"5,927,628",52.72,53.3,52.32
11/14/2023,52.81,"4,749,883",52.23,53.71,52.04
11/13/2023,50.94,"3,827,294",51.14,51.5,50.67
11/10/2023,51.5,"2,578,011",50.98,51.64,50.6435
11/09/2023,50.43,"3,935,458",51.29,51.31,50.31
11/08/2023,50.95,"3,607,789",50.56,51.0,50.3575
11/07/2023,50.45,"3,605,542",50.12,50.49,49.6205
11/06/2023,50.27,"3,496,700",50.42,50.63,49.92
11/03/2023,50.53,"4,212,084",50.92,52.42,50.47
11/02/2023,49.97,"5,897,439",50.74,50.99,49.81
11/01/2023,49.66,"5,725,600",48.03,50.02,47.635
10/31/2023,47.66,"5,035,101",47.34,48.09,47.12
10/30/2023,47.37,"5,355,780",46.96,47.71,46.77
10/27/2023,46.5,"6,082,502",46.11,46.72,45.68
10/26/2023,46.4,"9,527,565",48.91,50.0,46.19
10/25/2023,47.04,"10,203,160",47.87,48.31,46.81
10/24/2023,48.15,"5,126,761",48.84,49.12,47.95
10/23/2023,48.5,"4,821,872",48.4,49.24,48.07
10/20/2023,48.28,"6,322,153",48.97,48.98,47.78
10/19/2023,49.0,"6,619,913",49.91,50.59,48.79
10/18/2023,50.15,"5,847,208",52.03,52.08,50.02
10/17/2023,52.9,"7,323,188",52.66,53.37,52.34
10/16/2023,53.15,"5,269,144",53.39,54.07,53.02
10/13/2023,52.56,"5,447,272",54.42,54.66,52.265
10/12/2023,54.48,"4,401,802",55.12,55.515,54.17
10/11/2023,56.04,"2,078,674",55.46,56.195,55.31
10/10/2023,55.42,"2,667,027",55.47,56.1,54.89
10/09/2023,55.02,"2,259,538",53.94,55.07,53.37
10/06/2023,54.28,"5,394,314",51.84,54.64,51.51
10/05/2023,53.51,"5,156,458",53.14,54.27,53.02
10/04/2023,54.61,"4,563,329",53.7,54.845,53.17
10/03/2023,53.52,"4,471,928",54.24,54.45,52.9
10/02/2023,54.56,"3,948,038",55.01,55.65,54.14
09/29/2023,55.2,"3,883,769",56.38,56.5,54.93
09/28/2023,55.94,"5,619,064",55.0,57.12,54.97
09/27/2023,55.08,"7,201,417",53.42,55.38,53.41
09/26/2023,52.72,"7,229,226",53.1,54.695,52.2
09/25/2023,53.58,"3,203,035",52.82,53.73,52.58
09/22/2023,52.87,"3,466,513",52.81,53.39,52.4
09/21/2023,52.56,"4,185,640",53.28,53.5,52.28
09/20/2023,53.83,"2,856,752",54.3,54.72,53.76
09/19/2023,53.85,"5,644,064",54.15,54.58,52.16
09/18/2023,54.39,"2,859,215",54.29,55.04,54.115
09/15/2023,54.46,"6,098,881",54.33,54.76,53.88
09/14/2023,54.76,"5,495,672",55.52,55.795,53.63
09/13/2023,55.24,"6,016,913",56.45,56.53,54.61
09/12/2023,56.58,"6,302,568",58.74,59.2,56.27
09/11/2023,58.94,"4,608,687",59.05,59.49,58.23
09/08/2023,58.66,"7,177,217",57.2,59.25,57.11
09/07/2023,57.25,"3,564,480",56.12,57.49,55.84
09/06/2023,56.4,"4,024,485",56.4,57.26,56.05
09/05/2023,56.42,"3,240,790",57.88,58.26,56.03
09/01/2023,57.94,"2,427,984",57.73,58.26,57.59
08/31/2023,57.45,"5,110,484",57.3,58.08,57.3
08/30/2023,57.18,"3,026,775",56.75,57.4,56.73
08/29/2023,56.76,"2,976,774",55.41,56.88,55.29
08/28/2023,55.57,"2,735,287",55.47,56.11,55.32
08/25/2023,55.02,"3,650,659",54.48,55.46,53.84
08/24/2023,53.93,"4,317,975",55.04,55.815,53.88
08/23/2023,55.23,"5,731,468",53.96,55.76,53.945
08/22/2023,53.8,"3,296,970",53.91,54.105,53.55
08/21/2023,53.57,"3,843,893",53.17,53.725,52.85
08/18/2023,53.39,"4,763,806",52.75,53.59,52.615
08/17/2023,53.05,"7,003,293",54.35,54.38,52.62
08/16/2023,54.47,"4,872,203",55.26,56.09,54.29
08/15/2023,55.41,"3,548,454",55.64,55.89,55.3
08/14/2023,56.02,"4,056,764",55.09,56.31,55.03
08/11/2023,55.54,"3,291,851",55.28,56.04,55.03
08/10/2023,55.4,"3,643,455",56.25,56.56,55.285
08/09/2023,56.16,"5,306,720",57.3,57.3,55.6
08/08/2023,57.39,"3,318,759",57.41,57.545,56.24
08/07/2023,58.1,"3,583,451",57.32,58.31,57.085
08/04/2023,57.08,"7,313,864",58.44,58.44,56.45
08/03/2023,58.1,"5,041,568",59.0,59.0,58.045
08/02/2023,58.98,"4,812,031",59.55,59.61,58.47
08/01/2023,59.8,"4,087,258",59.35,60.04,59.06
07/31/2023,59.55,"6,154,628",58.98,59.8,58.79
07/28/2023,58.99,"8,727,343",57.38,59.17,57.24
07/27/2023,56.75,"9,557,214",53.64,57.13,53.64
07/26/2023,54.43,"6,769,249",53.69,54.44,53.635
07/25/2023,53.91,"3,914,568",53.5,54.21,53.37
07/24/2023,53.81,"3,560,108",53.55,54.5,53.5
07/21/2023,53.75,"6,365,519",54.59,54.6127,53.44
07/20/2023,54.67,"5,500,676",55.5,55.5,54.26
07/19/2023,55.23,"6,122,636",55.04,55.58,54.795
07/18/2023,55.24,"4,199,704",54.66,55.26,54.65
07/17/2023,54.56,"6,000,044",53.85,54.71,53.505
07/14/2023,53.84,"6,196,378",53.0,54.055,52.8
07/13/2023,53.12,"4,948,258",53.27,53.54,52.73
07/12/2023,53.12,"7,832,605",53.51,53.9,52.64
07/11/2023,53.0,"8,662,677",51.52,53.03,51.51
07/10/2023,51.26,"5,221,437",49.535,51.28,49.51
07/07/2023,49.33,"2,885,836",48.82,49.92,48.82
07/06/2023,49.07,"4,294,220",49.04,49.15,48.35
07/05/2023,49.24,"2,612,201",49.93,50.16,49.225
07/03/2023,50.04,"2,039,348",49.73,50.165,49.54
06/30/2023,49.71,"4,307,532",49.64,50.085,49.42
06/29/2023,49.49,"5,287,647",49.31,49.69,49.2
06/28/2023,49.32,"3,325,641",49.25,49.63,49.11
06/27/2023,49.49,"4,387,423",48.99,49.595,48.72
06/26/2023,48.63,"5,073,171",48.06,49.0,48.06
06/23/2023,48.05,"5,924,068",47.52,48.43,47.26
06/22/2023,47.86,"5,804,251",47.99,48.06,47.57
06/21/2023,48.22,"7,084,391",47.38,48.42,47.28
06/20/2023,47.61,"6,529,753",46.53,47.63,46.45
06/16/2023,46.88,"9,587,818",47.3,47.41,46.53
06/15/2023,46.54,"5,493,562",45.81,46.72,45.4
06/14/2023,46.16,"7,079,008",47.13,47.22,45.79
06/13/2023,46.77,"4,301,519",46.5,46.87,46.35
06/12/2023,45.83,"5,371,569",45.28,46.06,44.9
06/09/2023,45.3,"5,920,391",45.83,45.89,44.72
06/08/2023,45.6,"6,124,135",44.1,45.62,44.1
06/07/2023,45.6,"7,062,900",43.99,45.62,43.86
06/06/2023,43.85,"3,256,777",43.15,44.19,43.01
06/05/2023,43.2,"3,802,240",43.57,43.47,42.89
06/02/2023,43.44,"6,509,742",42.08,43.635,41.98
06/01/2023,41.5,"3,883,770",41.04,41.53,40.71
05/31/2023,40.9,"10,124,020",41.17,41.5,40.49
05/30/2023,41.75,"7,229,628",40.98,41.82,40.54
05/26/2023,40.89,"4,816,131",41.52,41.6,40.73
05/25/2023,41.2,"5,394,456",41.61,41.69,40.99
05/24/2023,41.3,"6,428,372",41.47,41.59,40.965
05/23/2023,41.51,"4,141,381",41.99,42.31,41.26
05/22/2023,42.43,"3,979,117",42.71,43.1,42.28
05/19/2023,42.79,"4,903,476",43.64,43.68,42.46
05/18/2023,43.27,"2,763,739",42.71,43.39,42.595
05/17/2023,42.9,"4,742,946",42.37,43.235,42.35
05/16/2023,42.15,"7,685,535",42.44,42.86,42.02
05/15/2023,42.81,"4,415,370",42.12,42.89,41.955
05/12/2023,42.4,"4,160,567",42.89,43.09,41.8005
05/11/2023,42.83,"4,128,787",43.09,43.13,42.56
05/10/2023,43.08,"6,608,955",43.38,43.54,42.48
05/09/2023,42.78,"5,663,059",42.51,43.08,42.37
05/08/2023,42.6,"6,666,806",42.89,43.04,42.21
05/05/2023,42.38,"6,582,248",41.93,42.48,41.7
05/04/2023,41.1,"7,327,745",40.65,41.11,40.28
05/03/2023,41.09,"6,212,559",41.9,42.555,40.82
05/02/2023,41.82,"7,361,760",41.48,41.85,40.35
05/01/2023,41.17,"5,322,508",41.62,41.96,41.035
04/28/2023,41.82,"5,991,179",41.56,42.29,41.46
04/27/2023,41.46,"9,896,054",41.14,41.535,40.475
04/26/2023,40.65,"13,613,370",41.19,41.46,40.4
04/25/2023,42.32,"10,038,360",42.78,43.3,42.11
04/24/2023,41.93,"20,848,640",45.37,47.21,41.54
04/21/2023,45.22,"4,338,820",45.38,45.53,45.02
04/20/2023,45.38,"4,965,966",44.78,45.485,44.55
04/19/2023,44.98,"4,034,671",44.53,45.11,44.5114
04/18/2023,44.81,"3,688,689",45.25,45.44,44.545
04/17/2023,44.77,"3,442,750",44.5,44.92,44.35
04/14/2023,44.3,"4,449,530",44.32,44.87,43.865
04/13/2023,44.1,"4,686,875",43.76,44.315,43.1
04/12/2023,43.86,"4,310,384",44.0,44.345,43.58
04/11/2023,43.52,"10,206,090",42.44,44.95,42.34
04/10/2023,42.3,"2,859,559",41.8,42.32,41.48
04/06/2023,41.8,"4,862,079",42.11,42.31,41.29
04/05/2023,42.1,"6,323,080",43.18,43.18,41.705
04/04/2023,42.89,"7,067,612",45.6,45.74,42.645
04/03/2023,45.69,"4,055,305",45.51,45.96,45.23
03/31/2023,45.75,"4,795,802",45.76,46.08,45.325
03/30/2023,45.09,"4,046,914",45.66,45.85,44.98
03/29/2023,45.38,"3,278,375",45.26,45.6,45.0
03/28/2023,44.75,"2,276,390",45.42,45.52,44.52
03/27/2023,44.3,"3,387,266",44.69,44.86,44.0609
03/24/2023,43.92,"5,157,611",43.69,43.93,43.01
03/23/2023,44.3,"4,330,624",44.23,45.2,43.87
03/22/2023,44.18,"4,161,586",45.17,45.64,44.11
03/21/2023,45.2,"4,283,235",45.61,45.957,44.97
03/20/2023,44.99,"3,888,727",44.12,45.15,43.98
03/17/2023,43.75,"8,427,488",44.215,44.37,43.0
03/16/2023,44.48,"5,228,830",43.07,44.74,42.73
03/15/2023,43.31,"8,194,718",44.73,44.99,42.34
03/14/2023,45.75,"5,854,282",45.68,46.485,45.2
03/13/2023,44.75,"5,558,690",45.12,45.42,44.53
03/10/2023,45.64,"6,072,827",46.2,46.75,45.135
03/09/2023,46.15,"4,393,764",47.46,47.515,46.06
03/08/2023,47.39,"4,278,500",47.74,47.93,46.915
03/07/2023,47.55,"7,577,947",48.4,49.17,47.49
03/06/2023,48.38,"8,572,460",47.79,48.675,47.54
03/03/2023,47.79,"5,822,709",46.45,47.92,46.32
03/02/2023,46.09,"4,663,012",45.24,46.2,45.17
03/01/2023,45.59,"5,315,624",44.89,45.67,44.85
02/28/2023,45.03,"8,580,590",44.85,45.66,44.805
02/27/2023,44.96,"3,543,270",44.75,45.11,44.55
02/24/2023,44.25,"3,080,501",43.82,44.455,43.6
02/23/2023,44.45,"5,376,569",43.92,44.58,43.74
02/22/2023,43.6,"4,776,695",44.06,44.25,43.395
02/21/2023,43.83,"4,145,959",44.74,44.88,43.655
02/17/2023,45.22,"2,520,934",45.06,45.28,44.57
02/16/2023,45.23,"3,865,854",44.59,45.63,44.465
02/15/2023,45.48,"2,492,198",44.65,45.5,44.605
02/14/2023,45.13,"3,001,154",45.21,45.5989,44.78
02/13/2023,45.44,"3,192,999",44.93,45.64,44.8
02/10/2023,44.83,"3,360,462",44.67,45.015,44.42
02/09/2023,44.92,"3,883,964",45.45,46.02,44.87
02/08/2023,45.06,"5,003,746",44.74,45.35,44.32
02/07/2023,44.39,"8,139,910",43.74,44.66,43.55
02/06/2023,46.15,"4,829,560",46.29,46.74,45.92
02/03/2023,46.89,"3,448,375",46.54,47.4075,46.36
02/02/2023,47.13,"3,979,200",46.74,47.485,46.545
02/01/2023,46.14,"5,878,919",45.16,46.565,44.63
01/31/2023,45.53,"4,687,693",44.2,45.61,44.035
01/30/2023,43.58,"2,620,898",43.38,43.99,43.38
01/27/2023,43.62,"1,868,924",43.49,43.99,43.38
01/26/2023,43.65,"2,460,148",43.79,44.0,43.17
01/25/2023,43.51,"2,911,703",43.19,43.605,42.8
01/24/2023,43.7,"4,191,615",43.33,44.03,42.86
01/23/2023,43.28,"3,633,120",42.59,43.285,42.43
01/20/2023,42.57,"5,217,491",42.0,42.645,41.77
01/19/2023,41.91,"4,846,734",43.14,43.14,41.89
01/18/2023,43.52,"5,291,456",45.65,45.655,43.39
01/17/2023,45.43,"3,619,916",45.91,46.135,45.305
01/13/2023,45.87,"2,826,955",45.04,46.06,45.01
01/12/2023,45.25,"3,275,774",45.5,45.67,44.92
01/11/2023,45.19,"5,300,497",44.4,45.25,44.27
01/10/2023,44.0,"3,421,035",43.75,44.09,43.18
01/09/2023,43.5,"3,384,865",43.31,44.205,42.98
01/06/2023,43.13,"2,726,786",41.87,43.35,41.73
01/05/2023,41.53,"3,890,980",41.51,42.08,41.12
01/04/2023,42.03,"3,491,944",42.37,42.58,41.735
01/03/2023,41.61,"2,866,079",41.94,42.09,41.145
12/30/2022,41.25,"2,248,776",41.42,41.69,40.83
12/29/2022,41.85,"1,966,262",41.4,41.99,41.09
12/28/2022,40.96,"2,107,104",41.84,42.03,40.94
12/27/2022,41.87,"2,228,925",41.68,42.41,41.61
12/23/2022,41.79,"1,875,057",41.53,41.815,41.28
12/22/2022,41.68,"2,885,235",41.54,42.02,41.03
12/21/2022,42.09,"2,578,759",41.73,42.22,41.56
12/20/2022,41.37,"2,909,387",41.36,41.64,41.24
12/19/2022,41.5,"3,217,514",41.84,42.13,41.175
12/16/2022,41.75,"5,812,704",41.96,42.2,41.52
12/15/2022,42.46,"4,416,799",43.14,43.29,42.07
12/14/2022,43.8,"4,044,981",44.59,44.62,43.35
12/13/2022,44.32,"6,015,568",44.72,45.0,43.8
12/12/2022,43.26,"3,593,703",42.61,43.305,42.385
12/09/2022,43.02,"3,065,243",43.36,43.6,42.95
12/08/2022,43.47,"2,524,165",43.24,43.755,43.12
12/07/2022,43.08,"3,973,987",43.05,43.61,42.75
12/06/2022,43.02,"2,505,205",43.85,43.95,42.49
12/05/2022,43.76,"3,726,172",43.97,44.045,43.2
12/02/2022,44.68,"3,857,089",44.14,45.0,43.92
12/01/2022,44.93,"4,361,501",44.82,45.22,44.395
11/30/2022,44.32,"8,731,293",43.37,44.39,42.145
11/29/2022,43.52,"3,259,907",43.17,43.73,43.08
11/28/2022,43.31,"2,371,097",43.85,44.2,43.14
11/25/2022,44.21,"986,255",44.2,44.41,44.1
11/23/2022,44.16,"2,606,673",44.11,44.63,43.81
11/22/2022,44.04,"3,125,525",44.25,44.3,43.745
11/21/2022,43.89,"2,477,087",43.88,44.05,43.6
11/18/2022,43.92,"4,272,742",43.93,44.2216,43.36
11/17/2022,43.04,"3,077,835",43.24,43.32,42.13
11/16/2022,43.86,"2,936,201",44.35,44.5,43.54
11/15/2022,44.35,"3,127,794",44.52,44.89,43.85
11/14/2022,43.61,"3,731,598",44.01,44.43,43.59
11/11/2022,44.44,"4,760,252",43.4,44.7523,43.1989
11/10/2022,43.48,"5,863,489",42.33,43.73,42.2
11/09/2022,40.34,"2,803,182",41.06,41.36,40.275
11/08/2022,41.41,"3,359,846",41.19,41.885,40.905
11/07/2022,41.04,"3,730,340",40.41,41.12,40.12
11/04/2022,40.28,"3,400,594",40.22,40.37,39.44
11/03/2022,39.37,"4,270,609",38.09,39.76,37.94
11/02/2022,39.12,"5,876,877",39.73,40.96,39.1
11/01/2022,39.71,"5,129,135",40.32,40.45,39.41
10/31/2022,39.76,"5,508,166",39.51,39.99,39.425
10/28/2022,39.95,"5,534,129",37.62,39.98,37.44
10/27/2022,37.88,"7,529,894",38.05,38.59,37.53
10/26/2022,37.14,"4,953,013",37.37,37.93,37.08
10/25/2022,37.29,"5,141,722",35.78,37.325,35.78
10/24/2022,35.85,"3,761,466",35.48,36.065,35.21
10/21/2022,35.19,"4,411,167",34.2,35.35,33.955
10/20/2022,34.06,"4,300,214",34.89,35.26,33.93
10/19/2022,34.89,"4,584,940",35.82,35.89,34.57
10/18/2022,36.32,"4,229,464",36.49,36.81,35.85
10/17/2022,35.55,"8,497,385",35.52,35.99,34.92
10/14/2022,34.57,"8,520,463",35.1,35.81,34.34
10/13/2022,34.85,"7,759,243",33.89,35.14,33.1
10/12/2022,34.88,"4,065,387",35.19,35.39,34.77
10/11/2022,35.15,"5,111,909",35.45,35.95,34.965
10/10/2022,35.6,"4,794,943",35.65,36.045,35.38
10/07/2022,35.33,"9,001,821",36.7,36.96,35.02
10/06/2022,37.21,"5,592,116",37.99,38.21,36.98
10/05/2022,38.2,"2,823,628",37.92,38.53,37.69
10/04/2022,38.58,"3,973,665",37.45,38.63,37.39
10/03/2022,36.81,"3,184,503",35.93,37.22,35.695
09/30/2022,35.56,"4,559,192",35.74,36.355,35.46
09/29/2022,35.62,"4,349,989",36.48,36.6,35.35
09/28/2022,36.9,"4,526,301",35.59,37.185,35.48
09/27/2022,35.55,"4,334,805",35.72,35.78,35.01
09/26/2022,35.28,"3,284,543",35.87,36.18,34.95
09/23/2022,36.11,"3,597,216",35.95,36.39,35.6275
09/22/2022,36.2,"3,430,624",37.25,37.38,36.19
09/21/2022,37.51,"3,828,520",38.06,38.71,37.455
09/20/2022,37.81,"4,278,035",38.49,38.59,37.25
09/19/2022,38.82,"3,622,451",38.14,38.89,38.03
09/16/2022,38.44,"7,570,648",40.07,40.07,38.11
09/15/2022,40.4,"3,857,715",40.0,40.66,39.875
09/14/2022,40.18,"4,451,920",40.82,40.92,39.76
09/13/2022,40.88,"3,458,091",41.22,41.79,40.81
09/12/2022,42.29,"3,346,015",42.48,42.76,41.96
09/09/2022,42.17,"3,459,289",42.27,42.66,41.93
09/08/2022,42.12,"3,962,338",41.14,42.16,41.05
09/07/2022,41.5,"3,202,579",40.43,41.525,40.35
09/06/2022,40.3,"4,183,672",39.74,40.31,39.17
09/02/2022,39.58,"3,601,722",40.7,40.79,39.355
09/01/2022,39.79,"7,003,681",39.03,39.82,38.9673
08/31/2022,39.12,"7,306,677",39.57,39.605,38.96
08/30/2022,39.31,"6,094,114",39.81,40.09,39.22
08/29/2022,39.74,"3,837,668",39.84,40.275,39.73
08/26/2022,40.24,"2,669,406",42.17,42.24,40.195
08/25/2022,41.99,"3,447,192",42.0,42.255,41.6
08/24/2022,41.66,"3,066,426",41.45,41.77,41.325
08/23/2022,41.46,"4,899,596",41.62,41.86,41.19
08/22/2022,41.62,"5,642,742",41.89,41.93,41.4
08/19/2022,42.48,"6,053,793",44.0,44.08,42.325
08/18/2022,44.3,"2,071,526",44.23,44.405,43.99
08/17/2022,44.13,"2,406,251",43.86,44.46,43.78
08/16/2022,44.39,"2,430,489",44.06,44.6,43.96
08/15/2022,44.41,"3,302,905",43.76,44.505,43.52
08/12/2022,43.97,"3,566,681",43.26,44.0,43.05
08/11/2022,43.05,"4,107,150",43.06,43.9102,43.02
08/10/2022,42.86,"3,437,672",42.64,43.185,42.53
08/09/2022,41.76,"4,719,045",41.66,41.9,41.48
08/08/2022,41.94,"4,136,416",42.23,42.67,41.91
08/05/2022,41.88,"5,574,100",41.55,41.93,41.28
08/04/2022,41.81,"5,381,700",40.8,41.899,40.79
08/03/2022,40.76,"4,707,638",40.51,40.87,39.9
08/02/2022,40.41,"6,508,772",40.41,41.14,40.205
08/01/2022,40.57,"3,997,186",40.15,41.035,40.15
07/29/2022,40.53,"4,777,471",39.73,40.625,39.27
07/28/2022,39.48,"6,629,801",39.9,40.06,38.155
07/27/2022,39.54,"5,451,503",38.32,39.66,38.03
07/26/2022,38.09,"5,430,694",37.9,38.255,37.17
07/25/2022,38.23,"4,092,757",38.37,38.61,37.9525
07/22/2022,38.5,"4,294,248",38.4,38.64,38.065
07/21/2022,38.27,"2,799,782",37.4,38.315,37.22
07/20/2022,37.39,"2,579,715",37.15,37.53,36.965
07/19/2022,37.17,"2,676,059",36.0,37.3,35.93
07/18/2022,35.55,"2,593,633",36.1,36.33,35.39
07/15/2022,36.0,"3,423,967",36.12,36.25,35.565
07/14/2022,35.61,"3,508,512",35.0,35.69,34.69
07/13/2022,35.73,"2,347,700",35.52,35.975,35.2
07/12/2022,36.13,"3,343,040",36.54,37.19,35.931
07/11/2022,36.53,"4,201,198",35.91,36.83,35.71
07/08/2022,36.07,"3,346,821",36.41,36.505,35.94
07/07/2022,36.4,"3,673,636",36.26,36.44,35.8
07/06/2022,36.18,"3,850,706",36.3,36.41,35.77
07/05/2022,36.07,"4,414,412",35.41,36.09,35.01
07/01/2022,36.0,"4,214,367",35.77,36.26,35.3797
06/30/2022,35.66,"6,442,340",35.52,36.35,35.32
06/29/2022,35.79,"5,743,219",35.92,35.97,35.3
06/28/2022,35.99,"5,341,328",36.23,36.98,35.91
06/27/2022,36.11,"3,897,677",36.35,36.53,35.58
06/24/2022,36.3,"15,473,000",35.16,36.4,34.965
06/23/2022,34.82,"6,798,321",34.67,34.98,34.47
06/22/2022,34.78,"6,304,783",34.37,35.08,34.12
06/21/2022,35.01,"4,685,436",34.73,35.16,34.34
06/17/2022,34.41,"10,802,460",34.65,35.18,34.24
06/16/2022,34.58,"4,515,248",35.87,35.99,34.36
06/15/2022,36.77,"4,040,303",36.33,37.175,35.9
06/14/2022,35.94,"3,892,523",36.41,36.83,35.77
06/13/2022,36.49,"4,587,326",36.42,37.06,36.05
06/10/2022,37.34,"3,462,738",38.27,38.27,37.02
06/09/2022,38.85,"2,070,512",39.19,39.6,38.84
06/08/2022,39.39,"2,830,045",39.75,39.82,39.16
06/07/2022,39.99,"2,806,247",39.24,40.01,39.14
06/06/2022,39.57,"2,514,977",39.77,40.145,39.54
06/03/2022,39.59,"3,212,626",39.65,39.895,39.45
06/02/2022,40.08,"3,231,794",39.26,40.1,39.01
06/01/2022,38.94,"2,855,754",39.27,39.41,38.51
05/31/2022,39.31,"14,520,530",39.78,39.99,38.8
05/27/2022,40.23,"3,359,761",39.76,40.365,39.75
05/26/2022,39.33,"3,907,959",38.7,39.465,38.7
05/25/2022,38.29,"3,608,428",37.68,38.465,37.57
05/24/2022,37.94,"3,252,883",38.05,38.25,37.0
05/23/2022,38.27,"3,170,238",38.52,38.58,37.6601
05/20/2022,37.96,"5,539,622",37.96,38.23,36.98
05/19/2022,37.41,"4,142,417",37.1,38.01,36.91
05/18/2022,37.36,"7,059,554",38.75,39.48,37.2
05/17/2022,40.18,"6,868,850",40.62,40.73,39.32
05/16/2022,39.86,"5,684,813",39.93,40.275,39.26
05/13/2022,40.19,"5,070,704",39.59,40.43,39.59
05/12/2022,39.1,"7,032,962",37.51,39.14,37.28
05/11/2022,37.59,"4,809,816",38.07,38.76,37.53
05/10/2022,38.09,"5,792,785",38.61,38.9,37.215
05/09/2022,38.13,"6,091,680",37.22,38.79,37.02
05/06/2022,37.78,"4,821,051",37.78,38.0,37.07
05/05/2022,37.96,"5,054,087",38.96,39.43,37.57
05/04/2022,39.41,"7,947,263",38.49,39.575,37.31
05/03/2022,38.38,"9,902,701",38.61,38.78,38.04
05/02/2022,38.6,"7,172,221",38.54,39.04,37.6256
04/29/2022,38.27,"8,408,200",39.56,39.59,38.1
04/28/2022,39.41,"15,034,770",36.28,39.655,36.23
04/27/2022,40.26,"4,349,490",40.09,40.93,40.0
04/26/2022,40.05,"5,154,979",41.6,41.78,39.93
04/25/2022,41.96,"3,253,952",41.4,42.02,40.78
04/22/2022,41.67,"4,065,612",42.46,42.55,41.61
04/21/2022,42.82,"3,841,022",43.87,44.68,42.57
04/20/2022,43.45,"3,667,426",42.86,43.74,42.86
04/19/2022,42.5,"4,335,865",41.45,42.55,41.35
04/18/2022,41.29,"3,323,004",41.33,41.78,40.96
04/14/2022,41.28,"2,618,297",42.12,42.33,41.27
04/13/2022,42.11,"3,202,493",41.8,42.6,41.65
04/12/2022,41.78,"4,808,427",42.66,43.2,41.5205
04/11/2022,42.44,"4,398,993",42.81,43.26,42.305
04/08/2022,43.38,"3,311,727",43.84,44.41,43.16
04/07/2022,43.69,"4,199,623",43.33,44.01,43.08
04/06/2022,43.88,"4,214,084",43.97,44.04,43.31
04/05/2022,44.54,"3,144,306",45.04,45.175,44.34
04/04/2022,45.25,"4,753,932",45.51,45.72,44.68
04/01/2022,46.04,"2,540,837",46.3,46.41,45.65
03/31/2022,45.87,"4,390,182",47.29,47.53,45.83
03/30/2022,47.57,"2,737,407",47.88,48.22,47.36
03/29/2022,48.08,"3,024,352",47.73,48.48,47.18
03/28/2022,46.89,"2,417,161",46.44,46.91,46.0
03/25/2022,46.39,"3,623,972",46.19,46.44,45.54
03/24/2022,46.17,"2,676,535",46.69,46.73,46.03
03/23/2022,46.52,"2,633,696",46.86,47.29,46.45
03/22/2022,47.49,"3,375,967",47.59,47.935,47.016
03/21/2022,47.48,"3,468,012",47.28,47.93,46.98
03/18/2022,47.78,"6,620,014",47.16,47.83,46.64
03/17/2022,47.12,"3,766,451",46.21,47.12,46.15
03/16/2022,46.88,"5,944,326",45.56,47.1,45.52
03/15/2022,45.2,"5,998,280",43.5,45.33,43.415
03/14/2022,42.91,"6,058,784",43.55,44.1,42.835
03/11/2022,43.22,"3,770,869",44.28,44.32,43.19
03/10/2022,43.81,"3,615,810",43.93,44.18,43.56
03/09/2022,44.59,"4,528,951",44.44,45.14,44.135
03/08/2022,43.58,"6,755,908",43.4,44.42,42.85
03/07/2022,43.52,"7,210,754",45.0,45.045,43.47
03/04/2022,45.0,"9,255,608",45.19,45.64,44.325
03/03/2022,45.88,"6,534,951",45.38,45.91,44.98
03/02/2022,44.91,"7,515,161",44.14,45.1803,44.035
03/01/2022,43.72,"6,459,854",45.16,45.16,43.48
02/28/2022,44.88,"4,992,655",44.46,45.1,44.23
02/25/2022,45.23,"4,237,752",44.685,45.46,44.13
02/24/2022,44.71,"5,037,262",42.75,44.82,42.45
02/23/2022,43.84,"4,994,555",45.76,45.79,43.75
02/22/2022,45.29,"7,327,451",43.99,45.65,43.71
02/18/2022,44.08,"4,938,700",44.74,44.88,43.96
02/17/2022,44.58,"4,202,385",45.16,45.5,44.46
02/16/2022,45.65,"4,210,051",45.46,45.91,45.0
02/15/2022,45.75,"4,648,525",45.56,45.86,45.34
02/14/2022,44.79,"6,410,360",45.52,45.78,44.29
02/11/2022,45.5,"5,862,941",47.04,47.22,44.99
02/10/2022,47.15,"5,086,196",47.22,48.19,46.755
02/09/2022,47.98,"6,087,372",46.98,48.08,46.84
02/08/2022,46.06,"7,924,984",45.54,46.95,45.25
02/07/2022,45.72,"7,355,309",45.65,46.12,45.35
02/04/2022,45.84,"6,896,940",45.97,46.48,44.84
02/03/2022,46.24,"6,651,761",46.81,47.34,46.17
02/02/2022,47.51,"5,972,776",47.25,48.15,47.19
02/01/2022,47.05,"4,645,566",48.0,48.07,46.38
01/31/2022,47.68,"8,647,704",46.44,47.74,46.28
01/28/2022,46.45,"10,734,830",46.2,46.71,45.47
01/27/2022,46.09,"4,483,553",46.98,47.51,45.94
01/26/2022,46.67,"4,684,444",47.82,48.31,46.08
01/25/2022,47.21,"4,603,501",47.06,47.56,46.11
01/24/2022,47.66,"8,927,377",45.61,47.81,45.31
01/21/2022,47.8,"3,876,039",48.26,48.86,47.48
01/20/2022,48.03,"3,871,640",49.19,50.19,47.995
01/19/2022,48.79,"3,717,254",49.86,50.29,48.73
01/18/2022,49.65,"4,107,466",50.2,50.37,49.21
01/14/2022,51.1,"3,246,689",51.48,51.48,50.16
01/13/2022,52.2,"2,669,074",53.0,53.32,52.07
01/12/2022,53.0,"2,308,259",53.19,53.41,52.46
01/11/2022,52.54,"2,715,279",52.52,52.705,51.89
01/10/2022,52.32,"3,902,259",51.23,52.5,50.34
01/07/2022,51.84,"4,117,044",53.33,53.83,51.83
01/06/2022,53.5,"3,089,801",52.45,53.51,52.45
01/05/2022,52.37,"3,484,360",53.6,54.42,52.31
01/04/2022,53.82,"5,460,354",54.24,54.64,53.21
01/03/2022,52.52,"4,505,326",53.15,53.6,52.22
12/31/2021,54.24,"2,228,867",53.54,54.56,53.36
12/30/2021,53.55,"1,426,280",53.825,54.25,53.5
12/29/2021,53.74,"3,183,203",53.44,53.865,53.14
12/28/2021,53.48,"2,485,805",53.45,53.77,53.24
12/27/2021,53.53,"1,698,874",53.28,53.59,52.93
12/23/2021,52.82,"1,938,256",52.54,53.185,52.51
12/22/2021,52.52,"2,282,880",51.87,52.65,51.65
12/21/2021,52.13,"2,162,006",51.505,52.16,51.16
12/20/2021,50.91,"3,492,172",51.9,52.04,50.36
12/17/2021,52.26,"7,534,514",53.55,53.69,51.98
12/16/2021,53.87,"3,802,565",54.02,54.67,53.34
12/15/2021,53.55,"5,989,777",53.64,53.67,52.085
12/14/2021,53.55,"3,663,453",54.16,54.78,52.9016
12/13/2021,54.93,"4,287,727",55.82,56.04,54.89
12/10/2021,55.51,"2,535,978",55.06,55.84,54.55
12/09/2021,55.99,"2,174,683",56.72,57.025,55.92
12/08/2021,56.44,"2,563,223",56.6,56.675,55.97
12/07/2021,56.64,"3,700,188",56.14,57.69,55.77
12/06/2021,55.85,"3,194,549",56.37,56.505,55.65
12/03/2021,56.12,"3,031,236",55.86,56.175,54.97
12/02/2021,55.52,"2,869,070",53.95,55.7,53.95
12/01/2021,53.6,"4,355,478",54.79,55.9,53.55
11/30/2021,54.12,"10,100,090",55.87,56.04,53.66
11/29/2021,55.98,"3,250,382",56.16,56.2,55.02
11/26/2021,55.38,"2,927,632",54.82,55.66,54.62
11/24/2021,55.69,"3,618,760",54.58,55.83,54.35
11/23/2021,54.87,"5,108,927",56.3,56.61,54.52
11/22/2021,56.41,"4,718,592",57.37,57.6,56.4
11/19/2021,57.15,"5,009,656",56.965,57.97,56.93
11/18/2021,57.02,"3,627,090",56.55,57.06,56.2
11/17/2021,56.12,"2,507,506",56.5,56.54,55.92
11/16/2021,56.26,"3,179,934",55.52,56.63,55.5
11/15/2021,55.7,"2,956,846",56.06,56.3299,55.5
11/12/2021,56.12,"2,842,573",54.9,56.16,54.68
11/11/2021,54.5,"2,315,370",54.79,54.88,53.91
11/10/2021,54.63,"2,901,808",54.94,55.06,54.41
11/09/2021,54.81,"3,504,331",53.57,54.86,53.5
11/08/2021,53.34,"2,144,845",52.98,53.42,52.37
11/05/2021,52.79,"2,466,571",53.21,53.445,52.42
11/04/2021,52.97,"2,486,385",51.92,53.02,51.92
11/03/2021,51.97,"3,105,808",51.95,52.5,51.18
11/02/2021,52.4,"4,231,095",52.49,53.03,51.87
11/01/2021,52.17,"2,945,934",52.35,52.67,51.86
10/29/2021,52.23,"3,955,829",53.56,54.08,52.04
10/28/2021,54.42,"3,441,327",53.21,54.505,52.63
10/27/2021,53.16,"2,673,509",53.66,54.3,53.09
10/26/2021,53.73,"2,314,726",54.7,54.88,53.68
10/25/2021,54.6,"3,312,935",54.12,55.34,53.35
10/22/2021,54.66,"3,510,662",54.77,55.1,54.39
10/21/2021,54.32,"2,398,026",53.79,54.34,53.53
10/20/2021,54.02,"3,884,148",54.22,54.58,53.72
10/19/2021,53.97,"3,360,647",54.4,54.49,53.39
10/18/2021,53.98,"2,449,798",52.98,54.02,52.91
10/15/2021,53.43,"3,602,358",53.57,53.92,53.06
10/14/2021,53.01,"5,567,725",51.37,53.05,51.29
10/13/2021,50.73,"4,475,280",50.67,50.97,49.93
10/12/2021,50.3,"6,017,869",51.285,51.44,50.08
10/11/2021,51.25,"2,566,913",51.36,51.95,51.1013
10/08/2021,51.5,"3,108,590",52.94,53.21,51.46
10/07/2021,53.35,"2,225,356",53.24,53.98,53.24
10/06/2021,52.61,"2,767,493",52.13,52.71,51.61
10/05/2021,52.82,"3,524,739",52.62,53.425,52.29
10/04/2021,52.33,"3,638,255",52.06,52.52,51.56
10/01/2021,52.46,"3,618,634",51.86,52.75,51.125
09/30/2021,51.76,"7,038,072",53.14,53.68,51.73
09/29/2021,52.85,"4,735,314",52.27,53.07,52.2
09/28/2021,51.96,"5,489,763",51.77,52.18,51.31
09/27/2021,52.37,"2,297,858",53.09,53.14,52.275
09/24/2021,53.12,"2,135,732",52.89,53.46,52.81
09/23/2021,53.49,"4,273,829",52.98,54.175,52.98
09/22/2021,52.59,"7,154,311",52.17,53.12,52.09
09/21/2021,51.69,"8,805,591",54.11,54.16,51.67
09/20/2021,53.82,"6,439,821",53.95,54.6,53.06
09/17/2021,55.0,"15,945,650",54.77,55.08,54.57
09/16/2021,55.07,"6,828,177",55.67,55.86,54.69
09/15/2021,55.76,"3,148,948",55.06,55.9,54.83
09/14/2021,54.98,"6,194,136",56.0,56.035,54.59
09/13/2021,55.74,"4,235,721",56.94,57.08,55.18
09/10/2021,56.43,"2,345,263",57.16,57.23,56.4
09/09/2021,56.73,"2,202,036",56.81,57.395,56.41
09/08/2021,56.66,"2,650,779",56.08,56.95,55.79
09/07/2021,56.22,"4,746,760",56.32,56.99,56.0913
09/03/2021,57.41,"3,048,724",57.68,57.86,57.25
09/02/2021,57.92,"3,333,261",58.15,58.29,57.47
09/01/2021,57.89,"3,007,601",57.9,57.97,56.74
08/31/2021,57.6,"4,837,952",58.0,58.01,56.9401
08/30/2021,58.03,"3,709,282",58.52,58.89,58.02
08/27/2021,58.32,"3,722,637",57.61,58.42,57.61
08/26/2021,57.38,"3,600,984",57.65,57.975,57.155
08/25/2021,57.74,"3,900,210",56.46,58.0399,56.43
08/24/2021,56.61,"2,546,535",55.78,56.685,55.74
08/23/2021,55.88,"3,493,297",55.86,56.165,55.35
08/20/2021,55.37,"2,621,257",55.47,55.6,54.71
08/19/2021,55.25,"4,225,322",54.3,55.98,54.23
08/18/2021,55.17,"2,632,592",55.15,55.99,55.04
08/17/2021,55.15,"3,597,146",55.95,56.14,54.37
08/16/2021,56.6,"2,087,813",55.99,56.83,55.62
08/13/2021,56.15,"2,316,476",55.94,56.25,55.74
08/12/2021,55.98,"3,510,490",56.34,56.57,55.67
08/11/2021,56.89,"3,039,216",56.78,57.0266,56.08
08/10/2021,56.61,"3,763,289",56.4,57.5,56.26
08/09/2021,56.24,"2,424,015",56.1,56.529,55.955
08/06/2021,56.38,"4,686,239",56.52,56.82,55.855
08/05/2021,56.32,"4,508,648",57.36,57.535,55.91
08/04/2021,57.04,"4,619,183",56.6,57.8999,56.54
08/03/2021,57.18,"4,993,967",54.99,57.25,54.98
08/02/2021,54.61,"4,010,877",55.3,56.03,54.482
07/30/2021,55.25,"6,507,033",54.22,55.51,53.96
07/29/2021,53.94,"6,166,634",53.075,54.08,52.18
07/28/2021,51.57,"5,156,186",51.87,52.3,51.53
07/27/2021,51.96,"4,072,203",51.5,52.41,51.2401
07/26/2021,51.51,"2,856,157",51.8,52.088,51.26
07/23/2021,51.9,"4,494,495",50.96,51.96,50.94
07/22/2021,50.81,"6,025,475",50.5,51.015,50.23
07/21/2021,50.45,"3,963,398",50.02,50.59,49.94
07/20/2021,49.9,"5,358,783",48.48,50.065,48.3169
07/19/2021,48.25,"3,722,844",48.31,48.5,47.6501
07/16/2021,49.08,"3,331,415",49.56,49.81,49.0
07/15/2021,49.56,"3,872,708",48.73,49.675,48.51
07/14/2021,49.0,"3,919,789",49.4,49.72,48.9
07/13/2021,49.23,"5,600,297",49.09,49.615,49.02
07/12/2021,49.21,"7,450,358",48.5,49.27,47.98
07/09/2021,48.27,"3,932,644",48.55,48.865,48.21
07/08/2021,48.05,"3,482,366",47.81,48.42,47.53
07/07/2021,48.83,"4,355,872",48.2,49.055,48.02
07/06/2021,48.17,"4,026,448",48.61,48.625,47.62
07/02/2021,48.52,"2,702,935",48.8,48.9,48.44
07/01/2021,48.75,"3,466,424",48.62,48.89,48.31
06/30/2021,48.6,"4,915,903",48.46,48.99,48.25
06/29/2021,48.71,"9,447,874",48.03,49.1,48.03
06/28/2021,47.88,"6,283,767",47.06,47.94,46.675
06/25/2021,47.06,"8,003,603",46.33,47.17,46.24
06/24/2021,46.22,"3,007,270",46.25,46.39,45.95
06/23/2021,46.1,"3,100,664",46.5,46.64,45.69
06/22/2021,46.11,"4,046,288",46.6,46.7,46.01
06/21/2021,46.5,"4,158,804",45.4,46.61,45.3
06/18/2021,45.05,"7,343,632",45.43,45.86,45.02
06/17/2021,46.13,"6,200,191",46.9,46.91,45.11
06/16/2021,46.91,"6,778,614",46.73,47.1325,46.475
06/15/2021,46.53,"3,962,861",46.29,46.6,45.82
06/14/2021,46.21,"3,428,034",46.1,46.29,45.7612
06/11/2021,46.1,"4,065,715",46.17,46.28,45.66
06/10/2021,45.86,"5,163,925",46.41,46.63,45.78
06/09/2021,46.19,"4,567,167",46.3,46.53,45.99
06/08/2021,46.36,"3,173,983",46.2,46.46,45.79
06/07/2021,46.06,"2,982,356",46.18,46.37,45.87
06/04/2021,45.89,"4,016,926",45.95,46.05,45.76
06/03/2021,45.73,"4,230,932",45.73,46.18,45.14
06/02/2021,46.05,"5,729,658",46.76,46.935,45.91
06/01/2021,46.85,"6,199,258",46.61,47.09,46.58
05/28/2021,45.93,"4,197,379",45.695,46.13,45.41
05/27/2021,45.31,"12,343,700",45.07,45.48,44.84
05/26/2021,44.72,"6,345,017",44.78,45.03,44.525
05/25/2021,44.72,"7,026,889",44.65,45.18,44.51
05/24/2021,44.38,"5,125,572",44.08,44.6799,43.93
05/21/2021,43.88,"5,536,522",44.17,44.72,43.87
05/20/2021,43.89,"4,046,097",43.56,44.07,43.21
05/19/2021,43.44,"5,250,261",43.24,43.63,42.7
05/18/2021,43.66,"6,355,805",44.275,44.48,43.54
05/17/2021,44.17,"6,998,662",43.52,44.33,43.46
05/14/2021,43.64,"4,398,188",43.61,44.08,43.45
05/13/2021,43.25,"5,084,171",42.68,43.64,42.51
05/12/2021,42.43,"7,542,372",44.24,44.44,42.39
05/11/2021,44.5,"8,457,518",45.12,45.12,44.01
05/10/2021,45.41,"5,929,785",44.89,45.65,44.89
05/07/2021,44.84,"5,266,076",44.12,45.265,43.87
05/06/2021,44.16,"6,237,891",43.34,44.19,43.16
05/05/2021,43.27,"4,347,538",43.47,43.78,43.15
05/04/2021,43.13,"9,900,917",43.16,43.36,42.78
05/03/2021,43.46,"3,928,795",44.12,44.19,43.18
04/30/2021,43.58,"7,279,160",43.68,43.85,42.99
04/29/2021,44.15,"9,151,881",43.97,44.88,43.39
04/28/2021,44.49,"6,560,162",44.94,45.32,44.47
04/27/2021,44.96,"6,740,582",44.15,45.04,44.0
04/26/2021,44.1,"4,019,568",44.82,45.16,44.02
04/23/2021,44.47,"6,615,356",43.36,44.56,43.07
04/22/2021,43.09,"6,473,450",43.24,43.71,42.85
04/21/2021,43.06,"4,288,348",42.5,43.125,42.2
04/20/2021,42.52,"6,545,477",43.58,43.67,42.01
04/19/2021,43.87,"10,654,930",44.0,44.645,43.67
04/16/2021,43.88,"5,575,712",43.88,44.28,43.44
04/15/2021,43.59,"7,090,927",43.2,43.77,42.7
04/14/2021,43.13,"4,651,180",43.13,43.78,43.06
04/13/2021,43.16,"7,778,486",42.49,43.37,42.24
04/12/2021,42.6,"5,868,569",42.8,43.005,42.48
04/09/2021,42.75,"5,578,297",42.85,43.06,42.26
04/08/2021,42.53,"5,212,614",42.58,43.0,42.05
04/07/2021,42.69,"6,117,367",42.56,42.84,42.14
04/06/2021,42.81,"6,692,623",42.64,43.3,42.3
04/05/2021,42.58,"5,731,820",42.39,42.92,42.33
04/01/2021,42.02,"4,759,914",42.23,42.4,41.86
03/31/2021,42.22,"7,297,893",43.0,43.48,42.03
03/30/2021,42.36,"3,982,153",42.07,42.92,41.79
03/29/2021,42.34,"7,698,753",42.21,42.98,41.9517
03/26/2021,41.09,"5,120,315",40.82,41.14,39.83
03/25/2021,40.35,"8,092,219",40.19,40.475,39.58
03/24/2021,40.14,"8,587,416",40.5,41.23,40.13
03/23/2021,40.29,"11,248,460",40.92,41.49,40.055
03/22/2021,41.41,"10,396,930",40.62,41.69,39.85
03/19/2021,40.91,"11,066,310",41.23,41.31,40.5806
03/18/2021,41.0,"10,045,730",39.4,41.6,39.4
03/17/2021,39.35,"4,065,995",38.81,39.36,38.43
03/16/2021,38.57,"5,740,761",39.62,39.65,38.31
03/15/2021,39.6,"3,636,484",39.22,39.74,39.1
03/12/2021,39.59,"2,546,242",39.0,39.62,38.92
03/11/2021,39.23,"5,156,084",39.27,39.57,38.61
03/10/2021,38.78,"6,976,499",37.61,39.1,37.48
03/09/2021,37.12,"3,643,391",37.35,37.71,37.1
03/08/2021,37.06,"4,659,765",36.79,37.79,36.3
03/05/2021,36.94,"7,047,252",36.12,37.04,34.75
03/04/2021,35.52,"6,859,234",36.95,37.21,35.06
03/03/2021,37.12,"7,100,077",36.85,37.578,36.63
03/02/2021,37.14,"4,431,910",37.4,37.42,36.68
03/01/2021,37.2,"4,157,142",36.76,37.565,36.72
02/26/2021,36.53,"5,375,152",36.39,37.0,36.02
02/25/2021,36.14,"4,449,885",37.07,37.27,35.94
02/24/2021,37.45,"5,952,430",36.86,37.51,36.695
02/23/2021,37.1,"4,340,112",36.83,37.19,35.82
02/22/2021,37.3,"3,017,762",37.41,37.87,37.27
02/19/2021,37.64,"3,225,699",37.0,37.76,36.96
02/18/2021,36.65,"3,961,798",37.09,37.23,36.362
02/17/2021,37.24,"3,844,357",37.23,37.3689,36.7
02/16/2021,37.41,"4,174,587",37.46,37.525,36.775
02/12/2021,37.28,"5,472,770",37.0,37.4,36.76
02/11/2021,37.2,"11,064,820",37.3,37.475,36.63
02/10/2021,37.19,"7,926,444",37.66,37.95,36.8
02/09/2021,37.25,"12,941,200",37.1,38.28,36.95
02/08/2021,39.7,"4,548,094",39.53,40.12,39.34
02/05/2021,39.15,"4,409,614",38.0,39.99,38.0
02/04/2021,38.33,"3,439,151",38.37,38.53,37.86
02/03/2021,38.15,"2,987,916",38.3,38.66,37.9556
02/02/2021,38.48,"2,902,025",39.12,39.4,38.43
02/01/2021,38.66,"4,731,688",39.2,39.45,38.55
01/29/2021,38.5,"16,346,430",37.89,38.8,37.77
01/28/2021,38.2,"8,108,550",36.81,38.45,36.4207
01/27/2021,36.23,"8,138,319",36.6,36.78,34.21
01/26/2021,37.32,"4,945,114",38.89,39.05,37.3
01/25/2021,38.89,"9,176,773",38.97,39.0569,37.2
01/22/2021,39.51,"2,585,157",39.2,40.11,39.1
01/21/2021,39.74,"4,647,150",40.4,40.4,39.21
01/20/2021,40.04,"4,654,903",40.41,40.41,39.69
01/19/2021,40.37,"3,383,135",40.7,40.98,40.2
01/15/2021,40.38,"4,501,050",40.6,40.6,39.571
01/14/2021,40.8,"3,748,908",41.4,41.59,40.73
01/13/2021,41.38,"3,948,552",41.42,41.89,40.83
01/12/2021,41.74,"4,436,340",41.56,41.94,41.05
01/11/2021,41.57,"3,761,517",39.88,41.8428,39.85
01/08/2021,40.69,"6,964,362",41.2,41.35,40.0
01/07/2021,41.09,"7,772,223",40.41,41.19,40.0
01/06/2021,40.05,"6,211,454",38.32,40.26,38.32
01/05/2021,37.94,"3,701,498",37.0,38.18,36.8
01/04/2021,37.03,"4,584,186",38.35,38.38,36.98
12/31/2020,37.72,"2,096,765",37.62,37.81,36.92
12/30/2020,37.73,"3,051,046",37.31,37.8,37.25
12/29/2020,37.17,"3,748,688",38.0,38.18,36.68
12/28/2020,37.76,"3,209,658",38.11,39.43,37.75
12/24/2020,37.89,"1,395,144",37.91,38.24,37.85
12/23/2020,38.16,"2,367,643",38.12,38.4,37.8
12/22/2020,38.03,"3,304,103",38.29,38.52,37.86
12/21/2020,38.52,"2,835,878",38.0,38.72,37.9308
12/18/2020,38.79,"9,683,082",38.75,38.86,37.61
12/17/2020,38.7,"4,095,162",38.41,38.865,38.25
12/16/2020,38.0,"3,990,554",37.73,38.02,37.34
12/15/2020,37.67,"4,832,142",37.1,37.91,36.52
12/14/2020,36.62,"6,301,241",37.5,37.55,36.52
12/11/2020,37.16,"3,102,647",37.16,37.39,36.76
12/10/2020,37.54,"4,095,720",37.67,38.47,37.2674
12/09/2020,37.84,"4,134,844",37.41,37.99,37.39
12/08/2020,37.3,"4,022,753",36.64,37.57,36.61
12/07/2020,36.84,"3,825,118",37.55,37.7,36.71
12/04/2020,37.7,"5,534,882",37.27,37.97,37.055
12/03/2020,36.69,"5,411,917",37.19,37.77,36.6
12/02/2020,36.83,"5,577,968",37.19,37.28,36.56
12/01/2020,37.6,"6,597,479",38.64,38.94,37.55
11/30/2020,38.07,"21,169,220",37.75,38.48,37.41
11/27/2020,37.81,"5,923,490",38.69,38.84,37.46
11/25/2020,38.61,"4,280,315",39.06,39.24,38.52
11/24/2020,39.37,"7,022,290",38.94,39.565,38.43
11/23/2020,38.77,"6,233,671",39.0,39.14,38.4
11/20/2020,38.54,"4,339,195",38.93,39.1,38.21
11/19/2020,39.13,"8,524,821",39.0,39.28,38.51
11/18/2020,39.39,"5,997,230",40.28,40.59,39.37
11/17/2020,40.36,"6,882,735",41.45,41.48,39.86
11/16/2020,40.5,"6,135,600",39.24,40.51,38.48
11/13/2020,38.29,"5,505,689",38.23,38.61,38.14
11/12/2020,37.96,"8,193,860",38.0,38.935,37.785
11/11/2020,38.06,"4,632,968",38.49,38.73,37.89
11/10/2020,37.81,"5,588,523",39.03,39.35,37.58
11/09/2020,38.8,"7,186,429",40.74,41.3,38.68
11/06/2020,38.95,"3,442,961",38.53,39.03,38.145
11/05/2020,38.2,"5,778,078",37.51,38.3,37.38
11/04/2020,36.78,"9,039,358",35.63,37.4,35.5
11/03/2020,36.95,"6,733,107",35.45,37.01,35.43
11/02/2020,35.1,"6,313,013",34.0,35.13,33.87
10/30/2020,33.39,"6,741,249",33.97,34.88,33.0
10/29/2020,34.07,"11,949,610",33.79,34.78,32.93
10/28/2020,33.3,"6,486,263",32.93,33.76,32.76
10/27/2020,33.6,"4,032,322",33.83,33.94,33.11
10/26/2020,33.71,"5,197,125",34.45,34.45,33.27
10/23/2020,34.93,"5,072,468",33.9,34.96,33.86
10/22/2020,33.89,"3,987,732",33.15,34.13,33.15
10/21/2020,33.35,"2,910,109",33.06,33.44,32.9
10/20/2020,33.23,"3,944,829",32.45,33.8,32.35
10/19/2020,32.32,"5,529,276",32.8,33.0,32.07
10/16/2020,32.76,"3,722,984",32.92,33.27,32.42
10/15/2020,32.6,"2,692,158",32.09,32.66,32.01
10/14/2020,32.51,"3,443,610",32.68,33.05,32.43
10/13/2020,32.49,"3,534,520",33.3,33.47,32.04
10/12/2020,33.0,"3,302,947",32.59,33.16,32.2
10/09/2020,32.23,"2,700,841",31.91,32.55,31.71
10/08/2020,31.95,"2,276,389",32.31,32.4665,31.63
10/07/2020,32.12,"2,209,777",31.93,32.29,31.89
10/06/2020,31.51,"2,439,404",32.34,32.39,31.45
10/05/2020,32.08,"5,088,559",31.64,32.47,31.64
10/02/2020,31.23,"2,483,070",30.34,31.52,30.26
10/01/2020,30.77,"3,730,320",30.72,31.06,30.55
09/30/2020,30.54,"5,066,696",30.61,31.24,30.35
09/29/2020,30.5,"6,878,816",30.51,30.69,30.08
09/28/2020,30.74,"7,027,922",30.75,31.56,30.43
09/25/2020,30.49,"2,845,927",29.4,30.5,29.35
09/24/2020,29.88,"4,269,280",29.12,29.97,28.79
09/23/2020,29.11,"3,349,178",30.4,30.42,29.1
09/22/2020,30.26,"4,719,689",29.51,30.33,29.49
09/21/2020,29.51,"4,517,009",30.29,30.77,29.22
09/18/2020,30.79,"8,061,045",30.5,31.2,30.5
09/17/2020,30.66,"4,735,256",29.77,30.695,29.37
09/16/2020,30.25,"4,884,372",30.16,30.535,29.525
09/15/2020,29.69,"4,052,137",29.48,30.04,29.3013
09/14/2020,29.15,"4,299,415",29.4,29.44,28.8297
09/11/2020,29.24,"4,547,372",29.17,29.645,29.01
09/10/2020,29.14,"9,090,334",29.9,30.01,28.58
09/09/2020,30.13,"4,782,412",29.93,30.345,29.55
09/08/2020,29.57,"4,733,302",29.35,30.25,29.2
09/04/2020,30.0,"4,277,440",29.43,30.095,28.83
09/03/2020,29.33,"5,049,410",30.5,30.69,28.96
09/02/2020,30.78,"3,445,407",30.22,30.95,29.84
09/01/2020,30.3,"2,778,774",29.66,30.36,29.17
08/31/2020,29.85,"3,572,888",30.19,30.46,29.83
08/28/2020,30.3,"3,689,968",30.38,30.475,29.955
08/27/2020,30.28,"4,144,719",31.07,31.24,30.16
08/26/2020,31.03,"3,316,640",30.51,31.24,30.41
08/25/2020,30.47,"3,233,642",30.5,30.805,30.41
08/24/2020,30.38,"3,117,252",29.76,30.44,29.74
08/21/2020,29.52,"3,112,558",29.16,29.82,29.085
08/20/2020,29.01,"3,166,926",29.02,29.41,28.75
08/19/2020,29.25,"3,864,173",29.54,29.69,29.12
08/18/2020,29.46,"3,412,906",29.72,30.05,29.37
08/17/2020,29.84,"4,588,235",29.5,30.185,29.1429
08/14/2020,29.52,"5,008,277",29.71,30.0481,29.28
08/13/2020,29.54,"3,643,802",29.9,30.28,29.37
08/12/2020,29.79,"3,524,094",29.87,30.19,29.62
08/11/2020,29.49,"5,113,803",30.16,30.3196,29.44
08/10/2020,29.46,"3,517,161",29.02,29.57,28.91
08/07/2020,28.97,"3,477,896",28.72,29.03,28.44
08/06/2020,28.27,"3,648,738",28.02,28.54,27.94
08/05/2020,28.11,"4,182,485",27.66,28.175,27.66
08/04/2020,27.77,"4,382,155",27.4,27.87,27.16
08/03/2020,27.62,"4,116,122",27.24,27.89,27.01
07/31/2020,27.24,"9,116,275",26.85,27.355,26.63
07/30/2020,26.9,"6,742,892",25.85,27.5,25.6
07/29/2020,27.18,"12,657,530",26.11,27.72,26.11
07/28/2020,26.07,"9,895,146",26.07,26.4,25.85
07/27/2020,26.25,"5,734,900",26.5,26.78,26.08
07/24/2020,26.58,"8,293,002",27.25,27.26,26.54
07/23/2020,27.35,"6,245,396",26.66,27.63,26.52
07/22/2020,26.6,"3,503,891",26.34,27.06,26.32
07/21/2020,26.57,"4,952,871",26.29,26.8,26.16
07/20/2020,26.41,"2,442,960",26.22,26.54,26.065
07/17/2020,26.48,"3,188,714",26.89,26.9,26.33
07/16/2020,26.61,"4,863,396",26.12,26.99,25.92
07/15/2020,26.45,"5,798,664",25.58,26.57,25.5401
07/14/2020,25.15,"7,218,295",24.3,25.1601,24.23
07/13/2020,24.28,"8,562,411",25.14,25.21,23.26
07/10/2020,24.89,"12,262,430",23.84,26.06,23.72
07/09/2020,23.91,"5,470,333",24.0,24.22,23.76
07/08/2020,23.99,"4,692,247",23.88,24.09,23.46
07/07/2020,24.01,"4,671,917",23.76,24.18,23.724
07/06/2020,24.21,"7,145,209",23.13,24.29,23.13
07/02/2020,22.91,"5,667,438",22.99,23.22,22.57
07/01/2020,22.61,"9,181,774",22.32,23.01,21.87
06/30/2020,22.22,"7,082,551",21.81,22.41,21.41
06/29/2020,22.12,"8,086,375",21.08,22.47,21.0
06/26/2020,20.97,"21,346,850",21.52,21.74,20.5909
06/25/2020,21.52,"6,140,977",21.62,21.87,21.035
06/24/2020,21.82,"6,825,611",22.1,22.66,21.45
06/23/2020,22.39,"5,961,549",23.12,23.24,22.32
06/22/2020,22.74,"5,995,454",21.52,22.825,21.31
06/19/2020,21.45,"14,451,110",21.76,21.85,21.0
06/18/2020,21.25,"3,618,895",21.0,21.8897,21.0
06/17/2020,21.26,"5,737,668",22.17,22.3397,21.08
06/16/2020,22.07,"7,289,942",22.96,22.98,21.925
06/15/2020,21.97,"7,736,009",20.72,22.54,20.63
06/12/2020,21.54,"5,212,911",22.0,22.31,21.02
06/11/2020,21.06,"6,834,838",20.16,21.8,20.0
06/10/2020,22.2,"10,262,090",22.31,23.15,22.04
06/09/2020,23.21,"6,850,022",23.74,23.96,23.21
06/08/2020,24.37,"8,570,449",23.63,24.38,23.31
06/05/2020,23.56,"7,843,606",23.54,24.4,23.38
06/04/2020,22.68,"6,651,949",22.03,23.12,22.03
06/03/2020,22.22,"9,636,325",21.47,22.58,21.38
06/02/2020,21.36,"8,295,556",21.69,21.829,20.905
06/01/2020,21.82,"7,695,651",20.55,21.95,20.55
05/29/2020,20.47,"32,993,100",18.96,20.98,18.88
05/28/2020,19.6,"8,510,352",20.08,20.46,19.505
05/27/2020,19.99,"8,969,859",19.57,20.13,19.43
05/26/2020,19.51,"7,305,509",19.61,20.6,19.34
05/22/2020,19.05,"5,937,330",19.47,19.86,18.95
05/21/2020,19.45,"9,711,545",18.54,19.52,18.5
05/20/2020,18.73,"11,910,000",18.16,19.05,18.04
05/19/2020,17.77,"8,338,088",17.44,17.92,17.15
05/18/2020,17.55,"6,135,186",17.3,17.72,17.29
05/15/2020,16.71,"7,353,876",16.3,16.965,16.0
05/14/2020,16.55,"7,797,202",16.02,16.715,15.72
05/13/2020,16.44,"10,676,330",17.21,17.4367,16.1
05/12/2020,17.8,"7,743,238",18.39,18.3998,17.69
05/11/2020,18.35,"9,574,553",18.43,18.75,18.02
05/08/2020,18.36,"18,118,200",17.04,18.4,16.935
05/07/2020,16.41,"12,454,870",16.21,17.04,15.88
05/06/2020,16.29,"10,647,190",16.0,16.37,15.43
05/05/2020,15.97,"16,297,990",16.68,16.76,15.8404
05/04/2020,16.4,"9,700,413",16.15,16.52,15.69
05/01/2020,16.77,"10,727,170",17.33,17.35,16.62
04/30/2020,17.71,"19,094,130",17.22,17.84,16.985
04/29/2020,17.64,"12,523,170",17.46,18.08,17.17
04/28/2020,17.0,"12,983,840",16.88,17.75,16.61
04/27/2020,16.8,"12,186,370",16.17,16.81,15.975
04/24/2020,16.25,"17,393,080",15.6,16.67,15.2901
04/23/2020,15.72,"12,226,020",14.7,15.92,14.61
04/22/2020,14.79,"12,543,280",14.95,15.16,14.22
04/21/2020,14.69,"16,235,870",14.22,15.25,14.18
04/20/2020,14.45,"20,032,210",13.5,14.74,13.475
04/17/2020,13.74,"21,336,530",13.3,13.83,12.93
04/16/2020,12.89,"21,745,220",13.15,13.25,12.26
04/15/2020,13.36,"14,990,660",13.53,13.655,12.94
04/14/2020,13.87,"22,350,020",14.0,14.2,13.78
04/13/2020,13.99,"21,497,370",14.5,14.5,13.98
04/09/2020,14.78,"34,992,600",14.0,15.5,13.9
04/08/2020,14.26,"49,372,740",14.5,15.25,13.73
04/07/2020,15.25,"23,486,010",15.2,15.8,14.55
04/06/2020,15.44,"37,137,980",17.06,17.15,14.85
04/03/2020,16.92,"66,934,310",13.75,17.0,13.38
04/02/2020,13.28,"15,966,330",15.66,15.9,12.12
04/01/2020,15.05,"2,998,918",16.0,16.0,14.56
03/31/2020,17.25,"461,468",16.39,17.25,14.56
03/30/2020,15.9,"209,978",15.25,16.5,15.25
03/27/2020,14.55,"486,514",15.0,16.0,14.55
03/26/2020,15.45,"76,379",14.0,15.45,14.0
03/25/2020,13.45,"19,242",11.8,13.45,11.8
03/24/2020,11.7,"96,074",12.9,12.9,11.5
03/23/2020,11.54,"18,710",12.75,12.75,11.5
03/20/2020,12.75,"2,348",13.0,13.0,12.0
03/19/2020,12.0,100,12.0,12.0,12.0
